symbol_or_term,canonical_use,required_in_active_text,allowed_variants,disallowed_variants,primary_source,primary_source_active
T1,Plain-text name for the local tangential non-affine residual activity family; not written as T_1 and not treated as force.,T1 is not a raw individual velocity,local tangential non-affine activity; T1 observable,raw speed; inferred force; T_1,Output/4130/definition_dictionary.csv,False
C(t),Compact-density coordinate: robust-z standardized rho_rms(t) within each observation.,compact-density coordinate $C(t)$,C; density_rms_z3045 in code,raw density without standardization,mypaper2/Latex/Part2/02_data_t1_observable_v2.tex,True
\dot{C}(t),Time gradient of the one-second smoothed C(t).,\dot{C}(t),dCdt in code,unsmoothed finite difference without note,Output/4130/definition_dictionary.csv,False
R(t),Swarm-size coordinate: robust-z standardized R_rms(t); vector-level moment tests use focal radius as an explicit exception.,radius variable depended on the unit of analysis,R; r_rms_z3045 in code,focal radius without noting unit change,Output/4130/definition_dictionary.csv,False
R^2_inc,"Incremental predictive score, distinct from the swarm-size coordinate R(t).",R^2_{\mathrm{inc}},incremental R^2,R as radius score without context,mypaper2/Latex/Part3/03_methods_reduction_boundary_tests_v2.tex,True
spectral_set,"Inherited transfer-operator compact-density coarse graining from 3032/3032b, not fitted from T1.",transfer-operator compact-density coarse-graining,compact-density low/high labels,T1-optimized labels,Output/4147/spectral_set_provenance.md,False
near-pre phase bin,"4085 phase bin: [-0.25,0.00) s; event frame belongs to near-post for phase profiles.","near-pre $[-0.25,0.00)$",near-pre timing,same as endpoint-inclusive 4100 window without note,Experiment/run_4085_event_phase_profile_of_t1_signal.py,False
near-pre state-matched aggregate,"4100 endpoint-inclusive aggregate: [-0.25,0.00] s; distinct from half-open phase-bin convention.",endpoint-inclusive,event-local near-pre activity,undifferentiated near-pre definition,Experiment/run_4100_state_matched_event_locality_challenge.py,False
B3,Upstream global-affine residual baseline used only in the local-to-B3 retention ratio.,B3 denotes the upstream global-affine residual baseline,local/global-affine retention ratio,undefined B3 shorthand,Output/4073/null_and_baseline_registry.csv,False
