variable,family,event_type,relative_time_sec,median_resid_z,q25_resid_z,q75_resid_z,n_events
knn_resid_radial_cov_cumulant,empirical_cumulant,low_to_high,-0.5,0.023654995474555233,-0.6370085676899101,0.6154175028773016,721
knn_resid_radial_cov_cumulant,empirical_cumulant,low_to_high,-0.45,0.0587609042746709,-0.6083190217043323,0.7553229127116492,721
knn_resid_radial_cov_cumulant,empirical_cumulant,low_to_high,-0.4,0.0370097229566455,-0.6440315916041859,0.7828182824801222,721
knn_resid_radial_cov_cumulant,empirical_cumulant,low_to_high,-0.35,0.07614767625222367,-0.6296437539362172,0.8131077969648359,721
knn_resid_radial_cov_cumulant,empirical_cumulant,low_to_high,-0.3,0.051701143655382004,-0.6491865404158095,0.7133196927787119,721
knn_resid_radial_cov_cumulant,empirical_cumulant,low_to_high,-0.25,-0.002863702638664229,-0.66254385928149,0.6939971927233739,721
knn_resid_radial_cov_cumulant,empirical_cumulant,low_to_high,-0.2,-0.007954568605528662,-0.636967510242692,0.6931507984340807,721
knn_resid_radial_cov_cumulant,empirical_cumulant,low_to_high,-0.15,0.07279182973594123,-0.5175578632051395,0.7240910510556873,721
knn_resid_radial_cov_cumulant,empirical_cumulant,low_to_high,-0.1,0.07644369929634678,-0.5453476021863344,0.7291471295735057,721
knn_resid_radial_cov_cumulant,empirical_cumulant,low_to_high,-0.05,0.0040187094640049695,-0.6742033678666585,0.6540074457126608,721
knn_resid_radial_cov_cumulant,empirical_cumulant,low_to_high,-0.0,0.01738114606339914,-0.6790199829650135,0.7259573970566452,721
knn_resid_radial_cov_cumulant,empirical_cumulant,low_to_high,0.05,-0.01985798750239347,-0.5542231684803343,0.6991948984224803,721
knn_resid_radial_cov_cumulant,empirical_cumulant,low_to_high,0.1,0.004756650978830142,-0.6716736678814733,0.7617902437099764,721
knn_resid_radial_cov_cumulant,empirical_cumulant,low_to_high,0.15,0.02522741687875902,-0.6429754858979151,0.7120791525561951,721
knn_resid_radial_cov_cumulant,empirical_cumulant,low_to_high,0.2,0.008255555290741309,-0.6501580808859788,0.7635765406070484,721
knn_resid_radial_cov_cumulant,empirical_cumulant,low_to_high,0.25,-0.0633202384667895,-0.7182260628924407,0.6496996165966381,721
knn_resid_radial_cov_cumulant,empirical_cumulant,low_to_high,0.3,-0.03866605916286747,-0.7022115242087462,0.644046747896131,721
knn_resid_radial_cov_cumulant,empirical_cumulant,low_to_high,0.35,-0.09331568918254682,-0.6927851076565589,0.5840502728965288,721
knn_resid_radial_cov_cumulant,empirical_cumulant,low_to_high,0.4,-0.04657091012308249,-0.7148150337042561,0.6316954239648321,721
knn_resid_radial_cov_cumulant,empirical_cumulant,low_to_high,0.45,-0.050154774248492705,-0.6706882806511394,0.6940348973673022,721
knn_resid_radial_cov_cumulant,empirical_cumulant,low_to_high,0.5,-0.0015977339223945735,-0.6890378008975278,0.7586964351802957,721
knn_resid_radial_cov_cumulant,empirical_cumulant,high_to_low,-0.5,-0.06341807317212578,-0.6785936641445129,0.6570641830640431,750
knn_resid_radial_cov_cumulant,empirical_cumulant,high_to_low,-0.45,-0.004293688589495582,-0.5990653600158147,0.6762369251883448,750
knn_resid_radial_cov_cumulant,empirical_cumulant,high_to_low,-0.4,0.029728931745722668,-0.6360584100315612,0.6999979450538735,750
knn_resid_radial_cov_cumulant,empirical_cumulant,high_to_low,-0.35,-0.014826992901207925,-0.6473199502039254,0.7331954272020492,750
knn_resid_radial_cov_cumulant,empirical_cumulant,high_to_low,-0.3,-0.053947989262423376,-0.7019394565617565,0.7086729056651564,750
knn_resid_radial_cov_cumulant,empirical_cumulant,high_to_low,-0.25,0.03153677824386983,-0.6326627097491659,0.7669086680405106,750
knn_resid_radial_cov_cumulant,empirical_cumulant,high_to_low,-0.2,0.06546780049981525,-0.6490817121146362,0.7199544850265709,750
knn_resid_radial_cov_cumulant,empirical_cumulant,high_to_low,-0.15,0.061904506080179,-0.6038654604065485,0.7974893649040752,750
knn_resid_radial_cov_cumulant,empirical_cumulant,high_to_low,-0.1,0.025055439273603455,-0.662334609080423,0.7621909718342363,750
knn_resid_radial_cov_cumulant,empirical_cumulant,high_to_low,-0.05,-0.01952672016613462,-0.7177811220955551,0.8027890709501242,750
knn_resid_radial_cov_cumulant,empirical_cumulant,high_to_low,-0.0,0.025373277001150586,-0.6376287133456906,0.7408779574716158,750
knn_resid_radial_cov_cumulant,empirical_cumulant,high_to_low,0.05,0.00041179278320624445,-0.7015904602664192,0.6708012821312956,750
knn_resid_radial_cov_cumulant,empirical_cumulant,high_to_low,0.1,0.00878327196716873,-0.6356122280484098,0.6380278945137372,750
knn_resid_radial_cov_cumulant,empirical_cumulant,high_to_low,0.15,-0.011703754756965338,-0.638825893877525,0.6249399995308269,750
knn_resid_radial_cov_cumulant,empirical_cumulant,high_to_low,0.2,-0.0409237796095616,-0.6724269330646839,0.6415726481700775,750
knn_resid_radial_cov_cumulant,empirical_cumulant,high_to_low,0.25,-0.02102294875236166,-0.6904355778149132,0.6899034040402658,750
knn_resid_radial_cov_cumulant,empirical_cumulant,high_to_low,0.3,-0.053348441305969836,-0.6802658697670663,0.6523114909235732,750
knn_resid_radial_cov_cumulant,empirical_cumulant,high_to_low,0.35,0.041918687015197006,-0.640199676674734,0.7024332553241709,750
knn_resid_radial_cov_cumulant,empirical_cumulant,high_to_low,0.4,0.06603441917947539,-0.577885127240273,0.7850899695880695,750
knn_resid_radial_cov_cumulant,empirical_cumulant,high_to_low,0.45,-0.01103635917009854,-0.644997711453501,0.6988401855055116,750
knn_resid_radial_cov_cumulant,empirical_cumulant,high_to_low,0.5,0.0173287433296056,-0.6518501461297037,0.6856489504404859,750
knn_resid_speed_cov_cumulant,empirical_cumulant,low_to_high,-0.5,-0.008944356098849358,-0.563615494159794,0.7950273709194546,721
knn_resid_speed_cov_cumulant,empirical_cumulant,low_to_high,-0.45,-0.023551208151958596,-0.58089681035748,0.6416740904017515,721
knn_resid_speed_cov_cumulant,empirical_cumulant,low_to_high,-0.4,0.027129900954328406,-0.6182049918532575,0.6720524888531416,721
knn_resid_speed_cov_cumulant,empirical_cumulant,low_to_high,-0.35,0.0019807298901243046,-0.6685813042234969,0.7409657431661288,721
knn_resid_speed_cov_cumulant,empirical_cumulant,low_to_high,-0.3,-0.019337928570674803,-0.6433365422619732,0.6303478578304782,721
knn_resid_speed_cov_cumulant,empirical_cumulant,low_to_high,-0.25,-0.07667944754272706,-0.6378005792969397,0.6897643911208421,721
knn_resid_speed_cov_cumulant,empirical_cumulant,low_to_high,-0.2,0.019644942484917695,-0.6404007134516814,0.6853454142343964,721
knn_resid_speed_cov_cumulant,empirical_cumulant,low_to_high,-0.15,-0.04159720811272599,-0.6390604000307749,0.6842985227630279,721
knn_resid_speed_cov_cumulant,empirical_cumulant,low_to_high,-0.1,-0.036136691770876764,-0.6648502989665832,0.6184470906509894,721
knn_resid_speed_cov_cumulant,empirical_cumulant,low_to_high,-0.05,-0.046219302854701175,-0.6620017447966556,0.6715825243377963,721
knn_resid_speed_cov_cumulant,empirical_cumulant,low_to_high,-0.0,-0.0037536949500597532,-0.6971712691794627,0.7774080388093737,721
knn_resid_speed_cov_cumulant,empirical_cumulant,low_to_high,0.05,0.053422684000320735,-0.64093583046843,0.743704989702358,721
knn_resid_speed_cov_cumulant,empirical_cumulant,low_to_high,0.1,0.01423761127267227,-0.6431555097293018,0.7420683308739424,721
knn_resid_speed_cov_cumulant,empirical_cumulant,low_to_high,0.15,0.023248299253789968,-0.6343632003814563,0.7297311366702077,721
knn_resid_speed_cov_cumulant,empirical_cumulant,low_to_high,0.2,0.01062644628086389,-0.6312535185629047,0.6573564288659393,721
knn_resid_speed_cov_cumulant,empirical_cumulant,low_to_high,0.25,0.04935405886097055,-0.589916479800432,0.7220931537735221,721
knn_resid_speed_cov_cumulant,empirical_cumulant,low_to_high,0.3,0.020754119295691386,-0.6172838636252815,0.735613925572397,721
knn_resid_speed_cov_cumulant,empirical_cumulant,low_to_high,0.35,0.08537070410293195,-0.5538643378429433,0.7640126309926547,721
knn_resid_speed_cov_cumulant,empirical_cumulant,low_to_high,0.4,-0.03165816421483668,-0.6486597025511749,0.7319657526159721,721
knn_resid_speed_cov_cumulant,empirical_cumulant,low_to_high,0.45,-0.034385020249162436,-0.6337082450664382,0.8268899748031743,721
knn_resid_speed_cov_cumulant,empirical_cumulant,low_to_high,0.5,-0.04106246641132984,-0.6076240075723438,0.6540985313510197,721
knn_resid_speed_cov_cumulant,empirical_cumulant,high_to_low,-0.5,0.003112673262688941,-0.6950666772898306,0.6984791284712628,750
knn_resid_speed_cov_cumulant,empirical_cumulant,high_to_low,-0.45,0.011552143983391317,-0.587111837377265,0.7158038229755658,750
knn_resid_speed_cov_cumulant,empirical_cumulant,high_to_low,-0.4,-0.07585264358044774,-0.6277329573125997,0.6318946548271445,750
knn_resid_speed_cov_cumulant,empirical_cumulant,high_to_low,-0.35,0.008006262760739576,-0.622212358777331,0.7107868239690159,750
knn_resid_speed_cov_cumulant,empirical_cumulant,high_to_low,-0.3,0.01052718489263385,-0.5868506242357923,0.7642443659669789,750
knn_resid_speed_cov_cumulant,empirical_cumulant,high_to_low,-0.25,-0.0027962494216503143,-0.6365235006128913,0.7682354628864491,750
knn_resid_speed_cov_cumulant,empirical_cumulant,high_to_low,-0.2,0.021239644160488635,-0.5957937652902536,0.6937708683154873,750
knn_resid_speed_cov_cumulant,empirical_cumulant,high_to_low,-0.15,0.11800810738369241,-0.6165575929257161,0.7994541644894393,750
knn_resid_speed_cov_cumulant,empirical_cumulant,high_to_low,-0.1,0.044345160785755774,-0.6086930994139518,0.7386034858135583,750
knn_resid_speed_cov_cumulant,empirical_cumulant,high_to_low,-0.05,0.05166099060240034,-0.6867799846371073,0.7537647877760083,750
knn_resid_speed_cov_cumulant,empirical_cumulant,high_to_low,-0.0,-0.004325452409349807,-0.679081398363844,0.718298065293153,750
knn_resid_speed_cov_cumulant,empirical_cumulant,high_to_low,0.05,0.019720085776089476,-0.6613218896760824,0.7189025708232805,750
knn_resid_speed_cov_cumulant,empirical_cumulant,high_to_low,0.1,0.13375464264442843,-0.6129356824746086,0.7503855647037532,750
knn_resid_speed_cov_cumulant,empirical_cumulant,high_to_low,0.15,8.732605511072245e-05,-0.6306335896085071,0.6896313881461693,750
knn_resid_speed_cov_cumulant,empirical_cumulant,high_to_low,0.2,0.003612027188866957,-0.6329159363584692,0.7003468832778423,750
knn_resid_speed_cov_cumulant,empirical_cumulant,high_to_low,0.25,-0.04834366963194291,-0.6724559961527724,0.7188555572612891,750
knn_resid_speed_cov_cumulant,empirical_cumulant,high_to_low,0.3,-0.010636814194497395,-0.6360155943195853,0.6985010451905769,750
knn_resid_speed_cov_cumulant,empirical_cumulant,high_to_low,0.35,-0.05108021001694118,-0.670598017108989,0.6547478335011099,750
knn_resid_speed_cov_cumulant,empirical_cumulant,high_to_low,0.4,0.007451798599597943,-0.6658216116975804,0.6230161623292457,750
knn_resid_speed_cov_cumulant,empirical_cumulant,high_to_low,0.45,-0.041631111204676316,-0.6743899291534694,0.749974000205542,750
knn_resid_speed_cov_cumulant,empirical_cumulant,high_to_low,0.5,-0.05914964616340661,-0.5940868624801865,0.7457088494723711,750
knn_resid_alignment_cumulant,empirical_cumulant,low_to_high,-0.5,-0.018886473695436497,-0.6380782245172604,0.6806850197228643,721
knn_resid_alignment_cumulant,empirical_cumulant,low_to_high,-0.45,0.0071029014409953765,-0.6178801745961346,0.6772189970577366,721
knn_resid_alignment_cumulant,empirical_cumulant,low_to_high,-0.4,0.027666230069882204,-0.678881661114571,0.7525275549846163,721
knn_resid_alignment_cumulant,empirical_cumulant,low_to_high,-0.35,-0.003969017218361278,-0.7307359968998399,0.6607726037380796,721
knn_resid_alignment_cumulant,empirical_cumulant,low_to_high,-0.3,0.006161788444840034,-0.6733422065879934,0.6453147720078581,721
knn_resid_alignment_cumulant,empirical_cumulant,low_to_high,-0.25,-0.015400431068052315,-0.6673194958813994,0.6680140873398054,721
knn_resid_alignment_cumulant,empirical_cumulant,low_to_high,-0.2,-0.026696150585027376,-0.6495592003024185,0.7015154213858141,721
knn_resid_alignment_cumulant,empirical_cumulant,low_to_high,-0.15,0.05494541451237506,-0.5420325005731401,0.6913937945148785,721
knn_resid_alignment_cumulant,empirical_cumulant,low_to_high,-0.1,0.04352697723102961,-0.5082704633282884,0.6890393709512863,721
knn_resid_alignment_cumulant,empirical_cumulant,low_to_high,-0.05,0.12691427062868657,-0.5438108502504782,0.7879608516115953,721
knn_resid_alignment_cumulant,empirical_cumulant,low_to_high,-0.0,0.07241986477225672,-0.6952241927289214,0.7150308880796035,721
knn_resid_alignment_cumulant,empirical_cumulant,low_to_high,0.05,0.04452044780583068,-0.6674801634340021,0.7286110502396007,721
knn_resid_alignment_cumulant,empirical_cumulant,low_to_high,0.1,-0.00023454074932084394,-0.6380935755748656,0.6924828879862946,721
knn_resid_alignment_cumulant,empirical_cumulant,low_to_high,0.15,-0.001115925280686344,-0.6784106571046128,0.6604629110873107,721
knn_resid_alignment_cumulant,empirical_cumulant,low_to_high,0.2,-0.07273965422342568,-0.6936726983892607,0.6384090229559514,721
knn_resid_alignment_cumulant,empirical_cumulant,low_to_high,0.25,-0.08645119903193606,-0.7569202599950969,0.6346598267180871,721
knn_resid_alignment_cumulant,empirical_cumulant,low_to_high,0.3,-0.11958240254356543,-0.7912728424593258,0.6039165974982733,721
knn_resid_alignment_cumulant,empirical_cumulant,low_to_high,0.35,-0.06424821653223203,-0.7105591506115123,0.590816384919142,721
knn_resid_alignment_cumulant,empirical_cumulant,low_to_high,0.4,-0.05674289531876513,-0.6868899904001059,0.6779170621619589,721
knn_resid_alignment_cumulant,empirical_cumulant,low_to_high,0.45,0.026662601102740036,-0.688513013196491,0.6353257253545267,721
knn_resid_alignment_cumulant,empirical_cumulant,low_to_high,0.5,-0.0028914534544862295,-0.6334939492622206,0.6375744373783808,721
knn_resid_alignment_cumulant,empirical_cumulant,high_to_low,-0.5,-0.021934407555471627,-0.6622840786388705,0.7411922097604958,750
knn_resid_alignment_cumulant,empirical_cumulant,high_to_low,-0.45,-0.09155114629571422,-0.722063877967229,0.7465289414172205,750
knn_resid_alignment_cumulant,empirical_cumulant,high_to_low,-0.4,-0.04490497692075981,-0.6750795010226188,0.6234252225065676,750
knn_resid_alignment_cumulant,empirical_cumulant,high_to_low,-0.35,-0.04507534930956638,-0.7323137754418816,0.6073523475423258,750
knn_resid_alignment_cumulant,empirical_cumulant,high_to_low,-0.3,0.005157685440386686,-0.7196309062506352,0.7085850775982514,750
knn_resid_alignment_cumulant,empirical_cumulant,high_to_low,-0.25,0.03844718958327549,-0.6277621239106308,0.7447008729333531,750
knn_resid_alignment_cumulant,empirical_cumulant,high_to_low,-0.2,0.057387617108689094,-0.618034561333935,0.7711166767403563,750
knn_resid_alignment_cumulant,empirical_cumulant,high_to_low,-0.15,-0.018152438650939046,-0.6058044660883353,0.7003863044051816,750
knn_resid_alignment_cumulant,empirical_cumulant,high_to_low,-0.1,0.03795657295380443,-0.657160862518785,0.6567639301027871,750
knn_resid_alignment_cumulant,empirical_cumulant,high_to_low,-0.05,0.024773202348039043,-0.5714816378163201,0.6580099683274016,750
knn_resid_alignment_cumulant,empirical_cumulant,high_to_low,-0.0,0.09167934499179213,-0.6441573781602855,0.7089464470250295,750
knn_resid_alignment_cumulant,empirical_cumulant,high_to_low,0.05,0.1305346667580692,-0.6007620071615626,0.7755902259220795,750
knn_resid_alignment_cumulant,empirical_cumulant,high_to_low,0.1,0.003875310265885147,-0.5693583565911522,0.7095952313010221,750
knn_resid_alignment_cumulant,empirical_cumulant,high_to_low,0.15,0.007429046186109815,-0.5798551659173222,0.639164158299906,750
knn_resid_alignment_cumulant,empirical_cumulant,high_to_low,0.2,-0.03198162096092592,-0.6361312427327233,0.6292064699328079,750
knn_resid_alignment_cumulant,empirical_cumulant,high_to_low,0.25,-0.045797458373781845,-0.7241538320388972,0.634255485335744,750
knn_resid_alignment_cumulant,empirical_cumulant,high_to_low,0.3,-0.02260762646755829,-0.7151147391428666,0.6855036671195185,750
knn_resid_alignment_cumulant,empirical_cumulant,high_to_low,0.35,-0.05057418539794209,-0.7401507204105807,0.6423990112493204,750
knn_resid_alignment_cumulant,empirical_cumulant,high_to_low,0.4,-0.03355599845735617,-0.7208375142167205,0.723702941120699,750
knn_resid_alignment_cumulant,empirical_cumulant,high_to_low,0.45,0.041596020481494606,-0.662828467649936,0.6800462429016749,750
knn_resid_alignment_cumulant,empirical_cumulant,high_to_low,0.5,-0.06284410525369494,-0.6755384624016331,0.696071116105688,750
knn_resid_tangential_cov_cumulant,empirical_cumulant,low_to_high,-0.5,0.05208928526164825,-0.6296635689351312,0.7461303664133591,721
knn_resid_tangential_cov_cumulant,empirical_cumulant,low_to_high,-0.45,0.048688140898009324,-0.5644134475414997,0.7031557039533437,721
knn_resid_tangential_cov_cumulant,empirical_cumulant,low_to_high,-0.4,0.009350119111469154,-0.6256387896010532,0.7211515770717776,721
knn_resid_tangential_cov_cumulant,empirical_cumulant,low_to_high,-0.35,-0.036908187960434484,-0.6861662048702386,0.6841903906786231,721
knn_resid_tangential_cov_cumulant,empirical_cumulant,low_to_high,-0.3,-0.08339200642142924,-0.6711599800271889,0.6607147788112145,721
knn_resid_tangential_cov_cumulant,empirical_cumulant,low_to_high,-0.25,-0.017117827952996097,-0.6057461434606456,0.7063924282809022,721
knn_resid_tangential_cov_cumulant,empirical_cumulant,low_to_high,-0.2,0.019321813166161435,-0.6512879152426382,0.6934707335619454,721
knn_resid_tangential_cov_cumulant,empirical_cumulant,low_to_high,-0.15,0.022607030641560444,-0.6602181627065148,0.7542028236430895,721
knn_resid_tangential_cov_cumulant,empirical_cumulant,low_to_high,-0.1,-0.0727993153866439,-0.6483801647149683,0.6484220657999538,721
knn_resid_tangential_cov_cumulant,empirical_cumulant,low_to_high,-0.05,-0.08856492951774646,-0.6811503468544109,0.6537943450246936,721
knn_resid_tangential_cov_cumulant,empirical_cumulant,low_to_high,-0.0,-0.0179517672659981,-0.6900798777678474,0.7602430603550865,721
knn_resid_tangential_cov_cumulant,empirical_cumulant,low_to_high,0.05,0.017947341611155132,-0.6333952043951795,0.6723647207941104,721
knn_resid_tangential_cov_cumulant,empirical_cumulant,low_to_high,0.1,-0.04380441496362512,-0.6983812798690281,0.6982290209259558,721
knn_resid_tangential_cov_cumulant,empirical_cumulant,low_to_high,0.15,-0.030658580853898013,-0.7092890070216751,0.5925686691715119,721
knn_resid_tangential_cov_cumulant,empirical_cumulant,low_to_high,0.2,0.03557911214067371,-0.5687713185534176,0.6995969110251358,721
knn_resid_tangential_cov_cumulant,empirical_cumulant,low_to_high,0.25,0.0498840111090787,-0.6499440264043623,0.7003777145774112,721
knn_resid_tangential_cov_cumulant,empirical_cumulant,low_to_high,0.3,0.02399348453619837,-0.5821720989193696,0.665659395010156,721
knn_resid_tangential_cov_cumulant,empirical_cumulant,low_to_high,0.35,0.09413664262879136,-0.5190890129939979,0.7381970749085583,721
knn_resid_tangential_cov_cumulant,empirical_cumulant,low_to_high,0.4,0.026469856461687973,-0.6145871094100651,0.771224216954186,721
knn_resid_tangential_cov_cumulant,empirical_cumulant,low_to_high,0.45,0.011859506330767619,-0.6251842636441961,0.7658660435949174,721
knn_resid_tangential_cov_cumulant,empirical_cumulant,low_to_high,0.5,-0.002898967738539202,-0.6436711341053137,0.7107337838984524,721
knn_resid_tangential_cov_cumulant,empirical_cumulant,high_to_low,-0.5,0.05617952968936286,-0.6222984341474377,0.7170785644198828,750
knn_resid_tangential_cov_cumulant,empirical_cumulant,high_to_low,-0.45,0.07718041704019882,-0.6681715626367898,0.7142431575647726,750
knn_resid_tangential_cov_cumulant,empirical_cumulant,high_to_low,-0.4,-0.03739991324760168,-0.6612290275481068,0.6256916929215754,750
knn_resid_tangential_cov_cumulant,empirical_cumulant,high_to_low,-0.35,-0.05816188615026526,-0.6475460815729098,0.6565662789700893,750
knn_resid_tangential_cov_cumulant,empirical_cumulant,high_to_low,-0.3,0.013127209471924636,-0.5798143149909567,0.6877306263281437,750
knn_resid_tangential_cov_cumulant,empirical_cumulant,high_to_low,-0.25,0.02496022674653089,-0.6397280064999062,0.6971828572722689,750
knn_resid_tangential_cov_cumulant,empirical_cumulant,high_to_low,-0.2,-0.04673549587332147,-0.6762720859947677,0.7381234752912633,750
knn_resid_tangential_cov_cumulant,empirical_cumulant,high_to_low,-0.15,0.008223046055481,-0.6226242949728024,0.733977358537482,750
knn_resid_tangential_cov_cumulant,empirical_cumulant,high_to_low,-0.1,0.03885728812205911,-0.5553993563230226,0.783630249565546,750
knn_resid_tangential_cov_cumulant,empirical_cumulant,high_to_low,-0.05,0.018420705448518163,-0.6382169099056432,0.8290416598016093,750
knn_resid_tangential_cov_cumulant,empirical_cumulant,high_to_low,-0.0,0.03771826042445939,-0.5911246960688402,0.7217518314415552,750
knn_resid_tangential_cov_cumulant,empirical_cumulant,high_to_low,0.05,0.01589211557126776,-0.6405683129760358,0.7518464655904626,750
knn_resid_tangential_cov_cumulant,empirical_cumulant,high_to_low,0.1,0.0030748679624753783,-0.5834345347713403,0.7158633506017158,750
knn_resid_tangential_cov_cumulant,empirical_cumulant,high_to_low,0.15,0.036079211000166374,-0.5981629809847602,0.6487588515932683,750
knn_resid_tangential_cov_cumulant,empirical_cumulant,high_to_low,0.2,0.02537745556916124,-0.604002183162734,0.6934035455886812,750
knn_resid_tangential_cov_cumulant,empirical_cumulant,high_to_low,0.25,0.0013036568529452494,-0.7006569704792054,0.7686508016681983,750
knn_resid_tangential_cov_cumulant,empirical_cumulant,high_to_low,0.3,0.004064646400388934,-0.6023148449002304,0.6852956267694338,750
knn_resid_tangential_cov_cumulant,empirical_cumulant,high_to_low,0.35,-0.055578252698124775,-0.7006968271180247,0.706425976295487,750
knn_resid_tangential_cov_cumulant,empirical_cumulant,high_to_low,0.4,-0.028574323692340038,-0.6986305228251715,0.6128908735223588,750
knn_resid_tangential_cov_cumulant,empirical_cumulant,high_to_low,0.45,-0.10467114545170594,-0.6744522035733733,0.6753160095666424,750
knn_resid_tangential_cov_cumulant,empirical_cumulant,high_to_low,0.5,0.04097979582409879,-0.6745267600374785,0.7077310892323514,750
