variable,ob,dataset,delta_high_minus_low_z,abs_delta_high_minus_low_z
n,1,Ob1.txt,0.524611111111111,0.524611111111111
n,2,Ob2.txt,0.6745,0.6745
n,3,Ob3.txt,0.33725,0.33725
n,4,Ob4.txt,0.0,0.0
n,5,Ob5.txt,-0.4496666666666666,0.4496666666666666
n,6,Ob6.txt,0.0,0.0
n,7,Ob7.txt,0.2698,0.2698
n,8,Ob8.txt,0.0,0.0
n,9,Ob9.txt,0.9635714285714286,0.9635714285714286
n,10,Ob10.txt,0.2248333333333333,0.2248333333333333
n,11,Ob11.txt,0.0,0.0
n,12,Ob12.txt,0.6745,0.6745
n,13,Ob13.txt,0.4496666666666666,0.4496666666666666
n,14,Ob14.txt,0.8993333333333332,0.8993333333333332
n,15,Ob15.txt,0.0,0.0
n,16,Ob16.txt,0.0,0.0
n,17,Ob17.txt,0.0,0.0
n,18,Ob18.txt,0.5396,0.5396
n,19,Ob19.txt,0.0,0.0
center_speed,1,Ob1.txt,-0.0956011393090695,0.0956011393090695
center_speed,2,Ob2.txt,-0.15072612645874622,0.15072612645874622
center_speed,3,Ob3.txt,0.007110847384587353,0.007110847384587353
center_speed,4,Ob4.txt,0.07139504018272363,0.07139504018272363
center_speed,5,Ob5.txt,-0.015290719893878198,0.015290719893878198
center_speed,6,Ob6.txt,-0.09736733408682122,0.09736733408682122
center_speed,7,Ob7.txt,-0.03383708575798274,0.03383708575798274
center_speed,8,Ob8.txt,-0.09345659751814828,0.09345659751814828
center_speed,9,Ob9.txt,-0.00619442228041084,0.00619442228041084
center_speed,10,Ob10.txt,-0.01268364325332396,0.01268364325332396
center_speed,11,Ob11.txt,0.01616766130266563,0.01616766130266563
center_speed,12,Ob12.txt,-0.10588973614444933,0.10588973614444933
center_speed,13,Ob13.txt,0.02707918491145863,0.02707918491145863
center_speed,14,Ob14.txt,-0.0011812478866849504,0.0011812478866849504
center_speed,15,Ob15.txt,-0.07848230180424035,0.07848230180424035
center_speed,16,Ob16.txt,0.00023440870537897262,0.00023440870537897262
center_speed,17,Ob17.txt,-0.01977186295022421,0.01977186295022421
center_speed,18,Ob18.txt,-0.11756401970814322,0.11756401970814322
center_speed,19,Ob19.txt,-0.04933672213032519,0.04933672213032519
radial_velocity_mean,1,Ob1.txt,-0.03467540465807005,0.03467540465807005
radial_velocity_mean,2,Ob2.txt,-0.029296264844425754,0.029296264844425754
radial_velocity_mean,3,Ob3.txt,-0.15340329231989802,0.15340329231989802
radial_velocity_mean,4,Ob4.txt,-0.01718239976671646,0.01718239976671646
radial_velocity_mean,5,Ob5.txt,-0.1613174136470772,0.1613174136470772
radial_velocity_mean,6,Ob6.txt,-0.032329961137804356,0.032329961137804356
radial_velocity_mean,7,Ob7.txt,-0.0944400683125386,0.0944400683125386
radial_velocity_mean,8,Ob8.txt,-0.08301440144966309,0.08301440144966309
radial_velocity_mean,9,Ob9.txt,-0.05204034447489197,0.05204034447489197
radial_velocity_mean,10,Ob10.txt,-0.020872672042569353,0.020872672042569353
radial_velocity_mean,11,Ob11.txt,0.021805394590965126,0.021805394590965126
radial_velocity_mean,12,Ob12.txt,0.02210905520527326,0.02210905520527326
radial_velocity_mean,13,Ob13.txt,-0.0127507085343199,0.0127507085343199
radial_velocity_mean,14,Ob14.txt,0.0955572214835183,0.0955572214835183
radial_velocity_mean,15,Ob15.txt,-0.028886368753748982,0.028886368753748982
radial_velocity_mean,16,Ob16.txt,-0.08260348023869035,0.08260348023869035
radial_velocity_mean,17,Ob17.txt,0.0014997021261815933,0.0014997021261815933
radial_velocity_mean,18,Ob18.txt,-0.05078116110296524,0.05078116110296524
radial_velocity_mean,19,Ob19.txt,0.040026708615550396,0.040026708615550396
frac_outward,1,Ob1.txt,-0.09826366384619085,0.09826366384619085
frac_outward,2,Ob2.txt,0.0,0.0
frac_outward,3,Ob3.txt,-0.14548039215686207,0.14548039215686207
frac_outward,4,Ob4.txt,0.0,0.0
frac_outward,5,Ob5.txt,0.0,0.0
frac_outward,6,Ob6.txt,0.0,0.0
frac_outward,7,Ob7.txt,-0.13376811594202928,0.13376811594202928
frac_outward,8,Ob8.txt,-0.17696776611694193,0.17696776611694193
frac_outward,9,Ob9.txt,-0.007082661782661789,0.007082661782661789
frac_outward,10,Ob10.txt,0.0,0.0
frac_outward,11,Ob11.txt,0.0,0.0
frac_outward,12,Ob12.txt,-0.20936860670194024,0.20936860670194024
frac_outward,13,Ob13.txt,0.0,0.0
frac_outward,14,Ob14.txt,0.0,0.0
frac_outward,15,Ob15.txt,0.0,0.0
frac_outward,16,Ob16.txt,-0.167499332443257,0.167499332443257
frac_outward,17,Ob17.txt,0.0,0.0
frac_outward,18,Ob18.txt,0.0,0.0
frac_outward,19,Ob19.txt,0.0,0.0
r_rms,1,Ob1.txt,-1.3081861826160557,1.3081861826160557
r_rms,2,Ob2.txt,-1.312687776022301,1.312687776022301
r_rms,3,Ob3.txt,-1.3457954117059199,1.3457954117059199
r_rms,4,Ob4.txt,-1.3490146231224704,1.3490146231224704
r_rms,5,Ob5.txt,-1.3490238769264775,1.3490238769264775
r_rms,6,Ob6.txt,-1.3489094242835298,1.3489094242835298
r_rms,7,Ob7.txt,-1.3458081558752517,1.3458081558752517
r_rms,8,Ob8.txt,-1.3463695333831187,1.3463695333831187
r_rms,9,Ob9.txt,-1.278548693921115,1.278548693921115
r_rms,10,Ob10.txt,-1.3331006722999525,1.3331006722999525
r_rms,11,Ob11.txt,-1.3478034556775513,1.3478034556775513
r_rms,12,Ob12.txt,-1.2706218990039821,1.2706218990039821
r_rms,13,Ob13.txt,-1.3111623423432222,1.3111623423432222
r_rms,14,Ob14.txt,-1.3245195414407664,1.3245195414407664
r_rms,15,Ob15.txt,-1.3367385453295721,1.3367385453295721
r_rms,16,Ob16.txt,-1.3490856477271091,1.3490856477271091
r_rms,17,Ob17.txt,-1.3483710278217362,1.3483710278217362
r_rms,18,Ob18.txt,-1.3207875608864124,1.3207875608864124
r_rms,19,Ob19.txt,-1.345028869558844,1.345028869558844
density_rms,1,Ob1.txt,1.3493772822749133,1.3493772822749133
density_rms,2,Ob2.txt,1.3486809264364246,1.3486809264364246
density_rms,3,Ob3.txt,1.3492808679308708,1.3492808679308708
density_rms,4,Ob4.txt,1.349103217033457,1.349103217033457
density_rms,5,Ob5.txt,1.3490012704056604,1.3490012704056604
density_rms,6,Ob6.txt,1.3490200554816696,1.3490200554816696
density_rms,7,Ob7.txt,1.350388306677237,1.350388306677237
density_rms,8,Ob8.txt,1.3497142845409549,1.3497142845409549
density_rms,9,Ob9.txt,1.348599024100093,1.348599024100093
density_rms,10,Ob10.txt,1.3493455262314096,1.3493455262314096
density_rms,11,Ob11.txt,1.3484092919084785,1.3484092919084785
density_rms,12,Ob12.txt,1.3535267848863524,1.3535267848863524
density_rms,13,Ob13.txt,1.3491810972694074,1.3491810972694074
density_rms,14,Ob14.txt,1.3489799683859554,1.3489799683859554
density_rms,15,Ob15.txt,1.3476556300125813,1.3476556300125813
density_rms,16,Ob16.txt,1.3491042580473116,1.3491042580473116
density_rms,17,Ob17.txt,1.3496592611847067,1.3496592611847067
density_rms,18,Ob18.txt,1.3469630193380122,1.3469630193380122
density_rms,19,Ob19.txt,1.3485752410552059,1.3485752410552059
anisotropy,1,Ob1.txt,-0.35192312516086377,0.35192312516086377
anisotropy,2,Ob2.txt,-0.026066520078141274,0.026066520078141274
anisotropy,3,Ob3.txt,-0.3231969761470894,0.3231969761470894
anisotropy,4,Ob4.txt,-0.17743804728914178,0.17743804728914178
anisotropy,5,Ob5.txt,-0.3497220032079378,0.3497220032079378
anisotropy,6,Ob6.txt,-0.5461852927282856,0.5461852927282856
anisotropy,7,Ob7.txt,-0.3295567758222967,0.3295567758222967
anisotropy,8,Ob8.txt,-0.33351481171667874,0.33351481171667874
anisotropy,9,Ob9.txt,-0.3289194915245899,0.3289194915245899
anisotropy,10,Ob10.txt,-0.13161356248948558,0.13161356248948558
anisotropy,11,Ob11.txt,-0.18557876698825296,0.18557876698825296
anisotropy,12,Ob12.txt,-0.17481800564142058,0.17481800564142058
anisotropy,13,Ob13.txt,-0.034298177277522726,0.034298177277522726
anisotropy,14,Ob14.txt,-0.38058771952601345,0.38058771952601345
anisotropy,15,Ob15.txt,-0.3587969290401838,0.3587969290401838
anisotropy,16,Ob16.txt,-0.34521935514109464,0.34521935514109464
anisotropy,17,Ob17.txt,-0.19045618998846475,0.19045618998846475
anisotropy,18,Ob18.txt,-0.20906069774523617,0.20906069774523617
anisotropy,19,Ob19.txt,-0.2672687373555259,0.2672687373555259
polarization,1,Ob1.txt,-0.025390925668618475,0.025390925668618475
polarization,2,Ob2.txt,-0.057310497619064885,0.057310497619064885
polarization,3,Ob3.txt,0.10578656628131873,0.10578656628131873
polarization,4,Ob4.txt,-0.05255435910874609,0.05255435910874609
polarization,5,Ob5.txt,-0.005812169352219057,0.005812169352219057
polarization,6,Ob6.txt,-0.024749655804039407,0.024749655804039407
polarization,7,Ob7.txt,-0.29530637399657045,0.29530637399657045
polarization,8,Ob8.txt,-0.1810666540408672,0.1810666540408672
polarization,9,Ob9.txt,-0.12289217345294341,0.12289217345294341
polarization,10,Ob10.txt,0.06095417485036637,0.06095417485036637
polarization,11,Ob11.txt,0.038211029049761924,0.038211029049761924
polarization,12,Ob12.txt,-0.05298290670962209,0.05298290670962209
polarization,13,Ob13.txt,0.0014223956461412678,0.0014223956461412678
polarization,14,Ob14.txt,-0.06643625765571017,0.06643625765571017
polarization,15,Ob15.txt,0.04870124552782683,0.04870124552782683
polarization,16,Ob16.txt,0.07094949951907502,0.07094949951907502
polarization,17,Ob17.txt,0.05799350309148816,0.05799350309148816
polarization,18,Ob18.txt,-0.07553759970447832,0.07553759970447832
polarization,19,Ob19.txt,-0.07395559659252207,0.07395559659252207
milling,1,Ob1.txt,-0.03184504650922004,0.03184504650922004
milling,2,Ob2.txt,-0.02180838560578393,0.02180838560578393
milling,3,Ob3.txt,-0.10316682331130433,0.10316682331130433
milling,4,Ob4.txt,-0.016438218541695256,0.016438218541695256
milling,5,Ob5.txt,-0.04402568834860196,0.04402568834860196
milling,6,Ob6.txt,0.008572290908763526,0.008572290908763526
milling,7,Ob7.txt,0.06237774435164272,0.06237774435164272
milling,8,Ob8.txt,-0.012982632854815246,0.012982632854815246
milling,9,Ob9.txt,-0.15368473359153922,0.15368473359153922
milling,10,Ob10.txt,-0.03801226147530126,0.03801226147530126
milling,11,Ob11.txt,0.005670748037176484,0.005670748037176484
milling,12,Ob12.txt,-0.049496376849096066,0.049496376849096066
milling,13,Ob13.txt,0.09416669155479795,0.09416669155479795
milling,14,Ob14.txt,-0.07164573580103989,0.07164573580103989
milling,15,Ob15.txt,0.018652886836753688,0.018652886836753688
milling,16,Ob16.txt,-0.029199375986427297,0.029199375986427297
milling,17,Ob17.txt,0.00851999187714947,0.00851999187714947
milling,18,Ob18.txt,-0.16104663602430588,0.16104663602430588
milling,19,Ob19.txt,-0.009771934554505665,0.009771934554505665
kinetic_energy,1,Ob1.txt,-0.1933372759937989,0.1933372759937989
kinetic_energy,2,Ob2.txt,0.0335774642752175,0.0335774642752175
kinetic_energy,3,Ob3.txt,0.11703496371264786,0.11703496371264786
kinetic_energy,4,Ob4.txt,0.09857041977297981,0.09857041977297981
kinetic_energy,5,Ob5.txt,-0.03851322037413396,0.03851322037413396
kinetic_energy,6,Ob6.txt,-0.17587169990558255,0.17587169990558255
kinetic_energy,7,Ob7.txt,0.09096792368954126,0.09096792368954126
kinetic_energy,8,Ob8.txt,-0.12872539027592078,0.12872539027592078
kinetic_energy,9,Ob9.txt,0.2571719889913926,0.2571719889913926
kinetic_energy,10,Ob10.txt,0.10910743780123107,0.10910743780123107
kinetic_energy,11,Ob11.txt,-0.04566203369304941,0.04566203369304941
kinetic_energy,12,Ob12.txt,-0.047142200242382165,0.047142200242382165
kinetic_energy,13,Ob13.txt,0.09726194909620911,0.09726194909620911
kinetic_energy,14,Ob14.txt,0.039255815819904394,0.039255815819904394
kinetic_energy,15,Ob15.txt,0.024679734754057648,0.024679734754057648
kinetic_energy,16,Ob16.txt,-0.030077524190227887,0.030077524190227887
kinetic_energy,17,Ob17.txt,-0.0521812217581092,0.0521812217581092
kinetic_energy,18,Ob18.txt,-0.20475293447299392,0.20475293447299392
kinetic_energy,19,Ob19.txt,0.08131612213045625,0.08131612213045625
speed_mean,1,Ob1.txt,-0.23728140603074213,0.23728140603074213
speed_mean,2,Ob2.txt,0.08065811934309786,0.08065811934309786
speed_mean,3,Ob3.txt,0.13033843184596072,0.13033843184596072
speed_mean,4,Ob4.txt,0.06236113499293855,0.06236113499293855
speed_mean,5,Ob5.txt,-0.00035863790589851747,0.00035863790589851747
speed_mean,6,Ob6.txt,-0.17881812331287883,0.17881812331287883
speed_mean,7,Ob7.txt,0.10059870970803551,0.10059870970803551
speed_mean,8,Ob8.txt,-0.10768354875651262,0.10768354875651262
speed_mean,9,Ob9.txt,0.24081167607818432,0.24081167607818432
speed_mean,10,Ob10.txt,0.16655944098796535,0.16655944098796535
speed_mean,11,Ob11.txt,-0.03767931906209286,0.03767931906209286
speed_mean,12,Ob12.txt,-0.058647705073190566,0.058647705073190566
speed_mean,13,Ob13.txt,0.10376407772444018,0.10376407772444018
speed_mean,14,Ob14.txt,0.09795969489536044,0.09795969489536044
speed_mean,15,Ob15.txt,-0.022900478628441183,0.022900478628441183
speed_mean,16,Ob16.txt,0.011347707016596684,0.011347707016596684
speed_mean,17,Ob17.txt,-0.07603526190665652,0.07603526190665652
speed_mean,18,Ob18.txt,-0.16530448916903268,0.16530448916903268
speed_mean,19,Ob19.txt,0.11024491651632666,0.11024491651632666
p_inner,1,Ob1.txt,0.37675976272862144,0.37675976272862144
p_inner,2,Ob2.txt,0.30984951456310744,0.30984951456310744
p_inner,3,Ob3.txt,-0.23099537924468416,0.23099537924468416
p_inner,4,Ob4.txt,-0.06914517195767171,0.06914517195767171
p_inner,5,Ob5.txt,-0.49707596707819,0.49707596707819
p_inner,6,Ob6.txt,-0.30352500000000027,0.30352500000000027
p_inner,7,Ob7.txt,0.13455276705276753,0.13455276705276753
p_inner,8,Ob8.txt,-0.02518133333333288,0.02518133333333288
p_inner,9,Ob9.txt,0.5667120181405898,0.5667120181405898
p_inner,10,Ob10.txt,0.24859693888132137,0.24859693888132137
p_inner,11,Ob11.txt,-0.2087738095238094,0.2087738095238094
p_inner,12,Ob12.txt,0.36145454545454536,0.36145454545454536
p_inner,13,Ob13.txt,0.2825405555555553,0.2825405555555553
p_inner,14,Ob14.txt,0.4261311576354686,0.4261311576354686
p_inner,15,Ob15.txt,0.11021721014492769,0.11021721014492769
p_inner,16,Ob16.txt,-0.4346777777777778,0.4346777777777778
p_inner,17,Ob17.txt,-0.28129523809523793,0.28129523809523793
p_inner,18,Ob18.txt,0.23949637681159433,0.23949637681159433
p_inner,19,Ob19.txt,-0.2578970588235295,0.2578970588235295
