lag_sec,ob,dataset,spectral_set,mass,origin_count,retained_count,retention,retention_lift
0.05,1,Ob1.txt,low,0.4993174993174993,5487,5011,0.9132494988153819,0.41393199949788256
0.05,1,Ob1.txt,high,0.5006825006825006,5497,5021,0.9134073130798618,0.41272481239736114
0.05,2,Ob2.txt,low,0.502725620835857,7466,6763,0.9058398071256362,0.40311418628977913
0.05,2,Ob2.txt,high,0.49727437916414297,7388,6686,0.904981050351922,0.40770667118777904
0.05,3,Ob3.txt,low,0.4999332888592395,7489,6583,0.8790225664307652,0.37908927757152566
0.05,3,Ob3.txt,high,0.5000667111407605,7496,6590,0.8791355389541089,0.3790688278133484
0.05,4,Ob4.txt,low,0.5,7471,6922,0.9265158613304778,0.4265158613304778
0.05,4,Ob4.txt,high,0.5,7476,6922,0.9258962011771,0.42589620117710003
0.05,5,Ob5.txt,low,0.4999665708363977,7477,6939,0.9280460077571219,0.4280794369207242
0.05,5,Ob5.txt,high,0.5000334291636023,7475,6936,0.9278929765886288,0.4278595474250265
0.05,6,Ob6.txt,low,0.5,9990,9384,0.9393393393393393,0.43933933933933933
0.05,6,Ob6.txt,high,0.5,9995,9384,0.9388694347173587,0.43886943471735873
0.05,7,Ob7.txt,low,0.501251126013412,5003,4477,0.8948630821507095,0.3936119561372975
0.05,7,Ob7.txt,high,0.4987488739865879,4983,4457,0.894441099739113,0.3956922257525251
0.05,8,Ob8.txt,low,0.4990784138185265,9477,8684,0.9163237311385459,0.4172453173200194
0.05,8,Ob8.txt,high,0.5009215861814735,9507,8714,0.9165877774271589,0.4156661912456854
0.05,9,Ob9.txt,low,0.49496576721707614,4911,4519,0.9201791895744248,0.42521342235734866
0.05,9,Ob9.txt,high,0.5050342327829239,5016,4624,0.9218500797448166,0.41681584696189267
0.05,10,Ob10.txt,low,0.5002001334222815,7493,6828,0.9112505004671027,0.4110503670448211
0.05,10,Ob10.txt,high,0.49979986657771847,7492,6827,0.9112386545648692,0.4114387879871507
0.05,11,Ob11.txt,low,0.4994747110911001,9979,9349,0.9368674215853292,0.4373927104942291
0.05,11,Ob11.txt,high,0.5005252889088999,10005,9375,0.9370314842578711,0.43650619534897117
0.05,12,Ob12.txt,low,0.5049777377557657,10094,9379,0.929165841093719,0.4241881033379533
0.05,12,Ob12.txt,high,0.49502226224423435,9890,9175,0.9277047522750252,0.4326824900307909
0.05,13,Ob13.txt,low,0.49997498624243336,9989,9251,0.926118730603664,0.42614374436123065
0.05,13,Ob13.txt,high,0.5000250137575667,9995,9257,0.9261630815407704,0.42613806778320373
0.05,14,Ob14.txt,low,0.4986242433338336,9962,9076,0.911062035735796,0.41243779240196243
0.05,14,Ob14.txt,high,0.5013757566661664,10022,9131,0.9110955897026541,0.40971983303648774
0.05,15,Ob15.txt,low,0.4972735004252339,9935,9239,0.9299446401610468,0.43267113973581295
0.05,15,Ob15.txt,high,0.5027264995747661,10049,9353,0.930739377052443,0.4280128774776769
0.05,16,Ob16.txt,low,0.49997498624243336,9994,9042,0.9047428457074245,0.4047678594649911
0.05,16,Ob16.txt,high,0.5000250137575667,9990,9043,0.9052052052052052,0.4051801914476385
0.05,17,Ob17.txt,low,0.5001000500250125,9992,9441,0.9448558847077662,0.4447558346827537
0.05,17,Ob17.txt,high,0.4998999499749875,9993,9442,0.9448614029820874,0.44496145300709994
0.05,18,Ob18.txt,low,0.49907449097003354,9976,9318,0.9340417000801925,0.43496720911015896
0.05,18,Ob18.txt,high,0.5009255090299665,10008,9350,0.9342525979216627,0.43332708889169624
0.05,19,Ob19.txt,low,0.49899966655551853,14965,13827,0.9239558970932175,0.42495623053769893
0.05,19,Ob19.txt,high,0.5010003334444815,15020,13884,0.9243675099866844,0.4233671765422029
0.1,1,Ob1.txt,low,0.4993174993174993,5487,4818,0.8780754510661564,0.37875795174865706
0.1,1,Ob1.txt,high,0.5006825006825006,5492,4823,0.8781864530225783,0.3775039523400776
0.1,2,Ob2.txt,low,0.502725620835857,7461,6454,0.8650314971183487,0.36230587628249167
0.1,2,Ob2.txt,high,0.49727437916414297,7388,6382,0.8638332430969139,0.36655886393277093
0.1,3,Ob3.txt,low,0.4999332888592395,7484,6217,0.8307055050774986,0.33077221621825914
0.1,3,Ob3.txt,high,0.5000667111407605,7496,6226,0.8305763073639274,0.3305095962231669
0.1,4,Ob4.txt,low,0.5,7466,6554,0.8778462362710956,0.3778462362710956
0.1,4,Ob4.txt,high,0.5,7476,6554,0.8766720171214554,0.37667201712145537
0.1,5,Ob5.txt,low,0.4999665708363977,7477,6522,0.872274976594891,0.3723084057584933
0.1,5,Ob5.txt,high,0.5000334291636023,7470,6514,0.8720214190093708,0.37198798984576853
0.1,6,Ob6.txt,low,0.5,9985,8903,0.8916374561842764,0.39163745618427637
0.1,6,Ob6.txt,high,0.5,9995,8903,0.8907453726863431,0.39074537268634313
0.1,7,Ob7.txt,low,0.501251126013412,4998,4252,0.8507402961184474,0.34948917010503533
0.1,7,Ob7.txt,high,0.4987488739865879,4983,4237,0.8502909893638371,0.35154211537724916
0.1,8,Ob8.txt,low,0.4990784138185265,9477,8231,0.8685237944497204,0.36944538063119386
0.1,8,Ob8.txt,high,0.5009215861814735,9502,8258,0.8690801936434435,0.36815860746196993
0.1,9,Ob9.txt,low,0.49496576721707614,4906,4317,0.8799429270281288,0.3849771598110527
0.1,9,Ob9.txt,high,0.5050342327829239,5016,4427,0.8825757575757576,0.37754152479283365
0.1,10,Ob10.txt,low,0.5002001334222815,7488,6537,0.8729967948717948,0.3727966614495133
0.1,10,Ob10.txt,high,0.49979986657771847,7492,6536,0.8723972237052856,0.37259735712756714
0.1,11,Ob11.txt,low,0.4994747110911001,9974,8831,0.8854020453178264,0.3859273342267263
0.1,11,Ob11.txt,high,0.5005252889088999,10005,8862,0.8857571214392803,0.3852318325303804
0.1,12,Ob12.txt,low,0.5049777377557657,10093,8946,0.8863568810066382,0.3813791432508725
0.1,12,Ob12.txt,high,0.49502226224423435,9886,8738,0.8838761885494639,0.3888539263052296
0.1,13,Ob13.txt,low,0.49997498624243336,9985,8763,0.8776164246369554,0.3776414383945221
0.1,13,Ob13.txt,high,0.5000250137575667,9994,8773,0.8778266960176105,0.37780168226004385
0.1,14,Ob14.txt,low,0.4986242433338336,9957,8688,0.8725519734859898,0.3739277301521562
0.1,14,Ob14.txt,high,0.5013757566661664,10022,8743,0.8723807623228896,0.37100500565672323
0.1,15,Ob15.txt,low,0.4972735004252339,9930,8758,0.8819738167170191,0.38470031629178525
0.1,15,Ob15.txt,high,0.5027264995747661,10049,8877,0.8833714797492288,0.3806449801744627
0.1,16,Ob16.txt,low,0.49997498624243336,9994,8514,0.8519111466880128,0.35193616044557946
0.1,16,Ob16.txt,high,0.5000250137575667,9985,8515,0.8527791687531296,0.35275415499556295
0.1,17,Ob17.txt,low,0.5001000500250125,9987,8994,0.9005707419645539,0.40047069193954143
0.1,17,Ob17.txt,high,0.4998999499749875,9993,9000,0.9006304413089162,0.40073049133392874
0.1,18,Ob18.txt,low,0.49907449097003354,9976,8833,0.8854250200481155,0.386350529078082
0.1,18,Ob18.txt,high,0.5009255090299665,10003,8860,0.8857342797160852,0.38480877068611874
0.1,19,Ob19.txt,low,0.49899966655551853,14965,13118,0.8765786835950551,0.37757901703953656
0.1,19,Ob19.txt,high,0.5010003334444815,15015,13170,0.8771228771228772,0.3761225436783957
0.2,1,Ob1.txt,low,0.4993174993174993,5477,4526,0.8263647982472156,0.32704729892971635
0.2,1,Ob1.txt,high,0.5006825006825006,5492,4531,0.8250182083029861,0.32433570762048547
0.2,2,Ob2.txt,low,0.502725620835857,7456,5997,0.804318669527897,0.30159304869203996
0.2,2,Ob2.txt,high,0.49727437916414297,7383,5930,0.803196532574834,0.30592215341069107
0.2,3,Ob3.txt,low,0.4999332888592395,7474,5820,0.7786994915707787,0.2787662027115392
0.2,3,Ob3.txt,high,0.5000667111407605,7496,5834,0.778281750266809,0.2782150391260485
0.2,4,Ob4.txt,low,0.5,7456,6119,0.820681330472103,0.320681330472103
0.2,4,Ob4.txt,high,0.5,7476,6119,0.8184858212948101,0.31848582129481007
0.2,5,Ob5.txt,low,0.4999665708363977,7477,5955,0.7964424234318577,0.29647585259546
0.2,5,Ob5.txt,high,0.5000334291636023,7460,5937,0.7958445040214477,0.2958110748578454
0.2,6,Ob6.txt,low,0.5,9985,8213,0.8225338007010515,0.32253380070105153
0.2,6,Ob6.txt,high,0.5,9985,8203,0.8215322984476715,0.3215322984476715
0.2,7,Ob7.txt,low,0.501251126013412,4988,3923,0.7864875701684042,0.28523644415499216
0.2,7,Ob7.txt,high,0.4987488739865879,4983,3918,0.786273329319687,0.28752445533309906
0.2,8,Ob8.txt,low,0.4990784138185265,9477,7612,0.8032077661707291,0.30412935235220256
0.2,8,Ob8.txt,high,0.5009215861814735,9492,7631,0.8039401601348504,0.30301857395337684
0.2,9,Ob9.txt,low,0.49496576721707614,4896,4016,0.8202614379084967,0.32529567069142057
0.2,9,Ob9.txt,high,0.5050342327829239,5016,4136,0.8245614035087719,0.319527170725848
0.2,10,Ob10.txt,low,0.5002001334222815,7478,6132,0.8200053490238032,0.31980521560152164
0.2,10,Ob10.txt,high,0.49979986657771847,7492,6139,0.8194073678590497,0.3196075012813312
0.2,11,Ob11.txt,low,0.4994747110911001,9964,8035,0.8064030509835407,0.3069283398924406
0.2,11,Ob11.txt,high,0.5005252889088999,10005,8067,0.8062968515742129,0.305771562665313
0.2,12,Ob12.txt,low,0.5049777377557657,10085,8258,0.8188398611799702,0.3138621234242045
0.2,12,Ob12.txt,high,0.49502226224423435,9884,8048,0.8142452448401457,0.31922298259591136
0.2,13,Ob13.txt,low,0.49997498624243336,9985,8034,0.8046069103655483,0.30463192412311496
0.2,13,Ob13.txt,high,0.5000250137575667,9984,8044,0.8056891025641025,0.30566408880653584
0.2,14,Ob14.txt,low,0.4986242433338336,9947,8216,0.8259776817130793,0.3273534383792457
0.2,14,Ob14.txt,high,0.5013757566661664,10022,8271,0.825284374376372,0.3239086177102056
0.2,15,Ob15.txt,low,0.4972735004252339,9920,8118,0.8183467741935484,0.3210732737683145
0.2,15,Ob15.txt,high,0.5027264995747661,10049,8247,0.8206786744949747,0.31795217492020855
0.2,16,Ob16.txt,low,0.49997498624243336,9994,7867,0.7871723033820293,0.2871973171395959
0.2,16,Ob16.txt,high,0.5000250137575667,9975,7868,0.7887719298245615,0.28874691606699476
0.2,17,Ob17.txt,low,0.5001000500250125,9977,8282,0.8301092512779392,0.33000920125292676
0.2,17,Ob17.txt,high,0.4998999499749875,9993,8298,0.8303812668868208,0.3304813169118333
0.2,18,Ob18.txt,low,0.49907449097003354,9971,8139,0.8162671748069401,0.3171926838369066
0.2,18,Ob18.txt,high,0.5009255090299665,9998,8161,0.8162632526505301,0.31533774362056366
0.2,19,Ob19.txt,low,0.49899966655551853,14965,12146,0.8116271299699298,0.3126274634144113
0.2,19,Ob19.txt,high,0.5010003334444815,15005,12188,0.8122625791402865,0.3112622456958051
0.5,1,Ob1.txt,low,0.4993174993174993,5452,3816,0.6999266324284666,0.20060913311096734
0.5,1,Ob1.txt,high,0.5006825006825006,5487,3816,0.6954620010934938,0.19477950041099312
0.5,2,Ob2.txt,low,0.502725620835857,7435,5170,0.695359784801614,0.19263416396575694
0.5,2,Ob2.txt,high,0.49727437916414297,7374,5124,0.6948738812042311,0.19759950204008814
0.5,3,Ob3.txt,low,0.4999332888592395,7444,4914,0.6601289629231596,0.1601956740639201
0.5,3,Ob3.txt,high,0.5000667111407605,7496,4944,0.6595517609391676,0.15948504979840705
0.5,4,Ob4.txt,low,0.5,7426,5347,0.7200377053595476,0.2200377053595476
0.5,4,Ob4.txt,high,0.5,7476,5347,0.7152220438737292,0.21522204387372923
0.5,5,Ob5.txt,low,0.4999665708363977,7472,4901,0.6559154175588865,0.15594884672248882
0.5,5,Ob5.txt,high,0.5000334291636023,7435,4858,0.6533960995292535,0.1533626703656512
0.5,6,Ob6.txt,low,0.5,9985,6987,0.699749624436655,0.199749624436655
0.5,6,Ob6.txt,high,0.5,9955,6947,0.6978402812656956,0.19784028126569564
0.5,7,Ob7.txt,low,0.501251126013412,4958,3188,0.6430012101653892,0.1417500841519772
0.5,7,Ob7.txt,high,0.4987488739865879,4983,3210,0.6441902468392534,0.1454413728526655
0.5,8,Ob8.txt,low,0.4990784138185265,9477,6365,0.6716260419964124,0.17254762817788588
0.5,8,Ob8.txt,high,0.5009215861814735,9462,6363,0.6724793912492073,0.17155780506773377
0.5,9,Ob9.txt,low,0.49496576721707614,4866,3442,0.707357172215372,0.21239140499829584
0.5,9,Ob9.txt,high,0.5050342327829239,5016,3592,0.7161084529505582,0.21107422016763433
0.5,10,Ob10.txt,low,0.5002001334222815,7469,5185,0.6942027045119828,0.19400257108970131
0.5,10,Ob10.txt,high,0.49979986657771847,7471,5198,0.6957569267835632,0.1959570602058447
0.5,11,Ob11.txt,low,0.4994747110911001,9934,6638,0.668210187235756,0.1687354761446559
0.5,11,Ob11.txt,high,0.5005252889088999,10005,6688,0.6684657671164418,0.16794047820754188
0.5,12,Ob12.txt,low,0.5049777377557657,10057,6919,0.6879785224221935,0.18300078466642777
0.5,12,Ob12.txt,high,0.49502226224423435,9882,6707,0.678708763408217,0.1836865011639826
0.5,13,Ob13.txt,low,0.49997498624243336,9985,6758,0.6768152228342513,0.17684023659181797
0.5,13,Ob13.txt,high,0.5000250137575667,9954,6768,0.6799276672694394,0.17990265351187273
0.5,14,Ob14.txt,low,0.4986242433338336,9917,7235,0.7295553090652415,0.23093106573140787
0.5,14,Ob14.txt,high,0.5013757566661664,10022,7290,0.7273997206146477,0.22602396394848134
0.5,15,Ob15.txt,low,0.4972735004252339,9909,7028,0.7092542133414068,0.21198071291617293
0.5,15,Ob15.txt,high,0.5027264995747661,10030,7168,0.7146560319042872,0.21192953232952105
0.5,16,Ob16.txt,low,0.49997498624243336,9994,6709,0.6713027816690014,0.171327795426568
0.5,16,Ob16.txt,high,0.5000250137575667,9945,6710,0.6747109100050277,0.174685896247461
0.5,17,Ob17.txt,low,0.5001000500250125,9947,6892,0.6928722227807379,0.19277217275572545
0.5,17,Ob17.txt,high,0.4998999499749875,9993,6938,0.6942860002001401,0.1943860502251526
0.5,18,Ob18.txt,low,0.49907449097003354,9941,6924,0.6965094054924051,0.1974349145223716
0.5,18,Ob18.txt,high,0.5009255090299665,9998,6946,0.6947389477895579,0.19381343875959145
0.5,19,Ob19.txt,low,0.49899966655551853,14954,10040,0.6713922696268557,0.1723926030713372
0.5,19,Ob19.txt,high,0.5010003334444815,14986,10091,0.6733618043507273,0.17236147090624587
1.0,1,Ob1.txt,low,0.4993174993174993,5402,3026,0.5601629026286561,0.06084540331115679
1.0,1,Ob1.txt,high,0.5006825006825006,5487,3026,0.5514853289593585,0.05080282827685789
1.0,2,Ob2.txt,low,0.502725620835857,7426,4588,0.617829248586049,0.115103627750192
1.0,2,Ob2.txt,high,0.49727437916414297,7333,4544,0.6196645302059185,0.12239015104177553
1.0,3,Ob3.txt,low,0.4999332888592395,7438,4309,0.5793223984942188,0.07938910963497936
1.0,3,Ob3.txt,high,0.5000667111407605,7452,4295,0.5763553408480945,0.07628862970733397
1.0,4,Ob4.txt,low,0.5,7376,4837,0.6557754880694143,0.15577548806941433
1.0,4,Ob4.txt,high,0.5,7476,4837,0.647003745318352,0.14700374531835203
1.0,5,Ob5.txt,low,0.4999665708363977,7422,4188,0.5642683912691997,0.06430182043280203
1.0,5,Ob5.txt,high,0.5000334291636023,7435,4145,0.5574983187626092,0.057464889599006974
1.0,6,Ob6.txt,low,0.5,9958,6347,0.6373769833299859,0.13737698332998594
1.0,6,Ob6.txt,high,0.5,9932,6284,0.6327023761578735,0.1327023761578735
1.0,7,Ob7.txt,low,0.501251126013412,4908,2671,0.5442135289323553,0.042962402918943265
1.0,7,Ob7.txt,high,0.4987488739865879,4983,2696,0.5410395344170179,0.042290660430430005
1.0,8,Ob8.txt,low,0.4990784138185265,9477,5419,0.5718054236572755,0.07272700983874897
1.0,8,Ob8.txt,high,0.5009215861814735,9412,5379,0.5715044623884403,0.0705828762069668
1.0,9,Ob9.txt,low,0.49496576721707614,4829,2989,0.6189687305860426,0.12400296336896649
1.0,9,Ob9.txt,high,0.5050342327829239,5003,3176,0.6348191085348791,0.1297848757519552
1.0,10,Ob10.txt,low,0.5002001334222815,7469,4435,0.5937876556433257,0.09358752222104416
1.0,10,Ob10.txt,high,0.49979986657771847,7421,4418,0.5953375555855006,0.09553768900778215
1.0,11,Ob11.txt,low,0.4994747110911001,9884,5792,0.5859975718332658,0.08652286074216575
1.0,11,Ob11.txt,high,0.5005252889088999,10005,5855,0.585207396301849,0.08468210739294912
1.0,12,Ob12.txt,low,0.5049777377557657,10007,5935,0.5930848406115719,0.08810710285580614
1.0,12,Ob12.txt,high,0.49502226224423435,9882,5723,0.5791337785873305,0.08411151634309616
1.0,13,Ob13.txt,low,0.49997498624243336,9941,5731,0.5765013580122724,0.07652637176983906
1.0,13,Ob13.txt,high,0.5000250137575667,9948,5774,0.5804181745074387,0.08039316074987202
1.0,14,Ob14.txt,low,0.4986242433338336,9867,6509,0.6596736596736597,0.16104941633982606
1.0,14,Ob14.txt,high,0.5013757566661664,10022,6564,0.6549590900019956,0.1535833333358292
1.0,15,Ob15.txt,low,0.4972735004252339,9909,6140,0.619638712281764,0.12236521185653015
1.0,15,Ob15.txt,high,0.5027264995747661,9980,6280,0.6292585170340681,0.12653201745930198
1.0,16,Ob16.txt,low,0.49997498624243336,9994,5801,0.5804482689613768,0.08047328271894344
1.0,16,Ob16.txt,high,0.5000250137575667,9895,5802,0.5863567458312279,0.08633173207366118
1.0,17,Ob17.txt,low,0.5001000500250125,9897,5840,0.5900778013539456,0.08997775132893315
1.0,17,Ob17.txt,high,0.4998999499749875,9993,5936,0.5940158110677474,0.09411586109275988
1.0,18,Ob18.txt,low,0.49907449097003354,9891,5895,0.5959963603275705,0.096921869357537
1.0,18,Ob18.txt,high,0.5009255090299665,9998,5917,0.5918183636727345,0.09089285464276808
1.0,19,Ob19.txt,low,0.49899966655551853,14954,8487,0.5675404574027016,0.06854079084718312
1.0,19,Ob19.txt,high,0.5010003334444815,14936,8538,0.5716389930369576,0.07063865959247617
