variable,n_ob,n_events,null_median_pre_minus_baseline_z,null_sign_consistency_pre_minus_baseline_z,null_median_event_minus_baseline_z,null_sign_consistency_event_minus_baseline_z,null_median_post_minus_baseline_z,null_sign_consistency_post_minus_baseline_z,null_median_follow_minus_baseline_z,null_sign_consistency_follow_minus_baseline_z,null_median_post_minus_pre_z,null_sign_consistency_post_minus_pre_z,null_pre_to_post_abs_ratio,replicate
edge_minus_core_resid_speed,19,1466,-0.10409566037931295,0.8421052631578947,-0.020451364096319646,0.5263157894736842,0.02227892388013343,0.5789473684210527,-0.06738523360016102,0.631578947368421,0.09927553061751236,0.6842105263157895,4.672382783808385,1
edge_minus_core_resid_tangential,19,1466,-0.08116400214818709,0.7368421052631579,-0.04801806523795907,0.5789473684210527,-0.009029922647780242,0.631578947368421,-0.022375717165355285,0.5789473684210527,0.02964705348591931,0.6842105263157895,8.988338584288872,1
edge_minus_core_resid_tangential,19,1469,0.027548852485084513,0.5263157894736842,-0.03348594697248619,0.5263157894736842,-0.005238113053300464,0.5263157894736842,-0.0008982068144512412,0.5263157894736842,-0.032843012198449345,0.6842105263157895,5.259308496162823,2
edge_minus_core_resid_speed,19,1469,-0.014971628069996357,0.5263157894736842,-0.10776199421729864,0.631578947368421,-0.09915828376555769,0.6842105263157895,-0.01738701828134001,0.5789473684210527,-0.0013051070802172493,0.5789473684210527,0.1509871641727295,2
edge_minus_core_resid_tangential,19,1466,-0.0003706502742712864,0.5263157894736842,-0.00517538154449676,0.5263157894736842,-0.029064117367801817,0.6842105263157895,-0.0517251806890313,0.631578947368421,-0.03555248645592532,0.5263157894736842,0.01275284811098048,3
edge_minus_core_resid_speed,19,1466,0.0656405698028639,0.631578947368421,-0.030104250044446487,0.631578947368421,-0.030786910986657867,0.5263157894736842,-0.06687090448100991,0.7368421052631579,-0.015702106202240718,0.5263157894736842,2.132093402657726,3
edge_minus_core_resid_speed,19,1466,-0.05460139828752157,0.5789473684210527,0.13286016055172695,0.631578947368421,-0.002426755138865949,0.631578947368421,-0.00898222619735306,0.5789473684210527,0.010845664526490856,0.5263157894736842,22.499755913996925,4
edge_minus_core_resid_tangential,19,1466,-0.0011436752974521777,0.5263157894736842,-0.05059899756245139,0.5789473684210527,-0.06236601033824635,0.5789473684210527,-0.0783121874575074,0.6842105263157895,0.04497576288050433,0.5789473684210527,0.018338118652281524,4
edge_minus_core_resid_speed,19,1465,0.06848724702400386,0.6842105263157895,0.05247182628442093,0.631578947368421,0.00844092133536778,0.5263157894736842,0.01809649293983799,0.5263157894736842,-0.050885169400781194,0.6842105263157895,8.113717010611117,5
edge_minus_core_resid_tangential,19,1465,0.026383047160703305,0.631578947368421,-0.08827201092342779,0.631578947368421,0.001285441406344956,0.5263157894736842,0.007737926018562241,0.5263157894736842,-0.11635081864732627,0.631578947368421,20.524503902298644,5
edge_minus_core_resid_tangential,19,1470,0.047487064633577214,0.5789473684210527,-0.0800830916361599,0.5789473684210527,0.0038937358610455636,0.5263157894736842,-0.004031540836559419,0.5263157894736842,-0.0626398971338539,0.6842105263157895,12.195759118808272,6
edge_minus_core_resid_speed,19,1470,0.050762503418002536,0.6842105263157895,0.029976985626179786,0.6842105263157895,-0.0017479288925871111,0.5263157894736842,-0.02185936119281906,0.631578947368421,-0.08824262269128884,0.6842105263157895,29.04151515160832,6
edge_minus_core_resid_tangential,19,1468,0.05879944419546988,0.6842105263157895,0.011491470241081492,0.5263157894736842,0.022363387622817837,0.5263157894736842,0.047974976163333016,0.631578947368421,-0.048902309669268965,0.631578947368421,2.6292726838699325,7
edge_minus_core_resid_speed,19,1468,0.024580366164187573,0.5789473684210527,0.05286529338880769,0.6842105263157895,0.01909449867258467,0.5789473684210527,0.05463274619014007,0.6842105263157895,-0.05038673879063385,0.5789473684210527,1.2873009438828238,7
edge_minus_core_resid_speed,19,1466,0.009630638834438876,0.5263157894736842,-0.012573996722531205,0.5263157894736842,0.0034423828942347218,0.5263157894736842,-0.056526504837563996,0.631578947368421,-0.08587755212164104,0.631578947368421,2.797666363776151,8
edge_minus_core_resid_tangential,19,1466,0.03132356145842352,0.5263157894736842,0.04754917248859203,0.5789473684210527,0.0021207979875755845,0.5263157894736842,-0.0009957728115402298,0.5263157894736842,-0.05619278229445348,0.631578947368421,14.769705385391951,8
edge_minus_core_resid_tangential,19,1468,0.05142682683340177,0.5789473684210527,-0.0553731538726074,0.5263157894736842,-0.022070624816267204,0.5789473684210527,-0.03068076186363955,0.6842105263157895,-0.04790188705164106,0.631578947368421,2.330102897472006,9
edge_minus_core_resid_speed,19,1468,0.004629316545588347,0.5263157894736842,0.019821923254717627,0.5789473684210527,-0.0495379700599925,0.5263157894736842,0.00826452275544233,0.5263157894736842,0.05030327093073983,0.5789473684210527,0.0934498636093093,9
edge_minus_core_resid_tangential,19,1465,-0.018318720202368965,0.631578947368421,0.03601020226305259,0.631578947368421,-0.0257402506880635,0.5789473684210527,-0.009666703536625472,0.5789473684210527,-0.030616454595371864,0.5789473684210527,0.7116760603603556,10
edge_minus_core_resid_speed,19,1465,-0.00827870496246165,0.5263157894736842,-0.029752813315484156,0.5789473684210527,-0.03309128648226124,0.5263157894736842,-0.02077030514857353,0.5263157894736842,0.042931718004381475,0.5789473684210527,0.250177791271412,10
edge_minus_core_resid_tangential,19,1467,-0.1149658748063302,0.5789473684210527,-0.01726837186695701,0.5789473684210527,-0.006695402656087646,0.5263157894736842,0.0017415255946548521,0.5263157894736842,0.024889613906054684,0.5789473684210527,17.17086793903277,11
edge_minus_core_resid_speed,19,1467,-0.03283353789773227,0.5789473684210527,0.01837258140197559,0.5789473684210527,-0.013647301980206444,0.5263157894736842,0.02820368599467503,0.5789473684210527,-0.004943839368284559,0.5263157894736842,2.4058629277312726,11
edge_minus_core_resid_speed,19,1465,-0.026298175663447693,0.5263157894736842,-0.00681569419214826,0.5263157894736842,0.052274175728609096,0.5263157894736842,0.006149446143814963,0.5263157894736842,-0.04957434479961661,0.5263157894736842,0.5030815942460664,12
edge_minus_core_resid_tangential,19,1465,-0.02907463113712567,0.5263157894736842,-0.02536589423894553,0.5789473684210527,0.006756283024673709,0.5263157894736842,0.03667289211568331,0.6842105263157895,0.04605091015740723,0.631578947368421,4.303347126067119,12
edge_minus_core_resid_tangential,19,1468,0.04492570232424015,0.631578947368421,-0.02826447068788622,0.6842105263157895,0.01936808268279383,0.5263157894736842,-0.060687885134761504,0.631578947368421,0.09332037252244703,0.631578947368421,2.3195740672953207,13
edge_minus_core_resid_speed,19,1468,-0.055125474685062376,0.631578947368421,-0.09847153881124036,0.631578947368421,-0.0015001391807431819,0.5263157894736842,-0.05479116064817324,0.7368421052631579,0.0003034182565521057,0.5263157894736842,36.746906815508105,13
edge_minus_core_resid_speed,19,1469,-0.06157824128974021,0.6842105263157895,0.03653432107206639,0.5789473684210527,0.01023076462218303,0.5263157894736842,-0.0327526673638284,0.6842105263157895,0.06869804443388558,0.631578947368421,6.018928551657042,14
edge_minus_core_resid_tangential,19,1469,-0.048809443320814744,0.631578947368421,0.05493271290576296,0.6842105263157895,-0.06152087028088224,0.5789473684210527,-0.07963751075078063,0.631578947368421,0.039346024670976865,0.5789473684210527,0.79338024800313,14
edge_minus_core_resid_tangential,19,1471,-0.040581333791105026,0.631578947368421,-0.020645237891338902,0.631578947368421,0.04288236996712755,0.631578947368421,-0.024379925950324316,0.6842105263157895,0.08900664736520443,0.6842105263157895,0.9463407414798568,15
edge_minus_core_resid_speed,19,1471,-0.026196808249254258,0.5789473684210527,0.025248955282024685,0.5263157894736842,0.038799600893908166,0.7368421052631579,0.0003306007064689531,0.5263157894736842,0.0866886047768669,0.5789473684210527,0.6751824154296225,15
edge_minus_core_resid_speed,19,1466,0.014629212973035932,0.5263157894736842,0.03305266868320697,0.5263157894736842,0.0019075434549857516,0.5263157894736842,-0.020185278522920264,0.5789473684210527,0.10782996535804287,0.5263157894736842,7.669137463054652,16
edge_minus_core_resid_tangential,19,1466,-0.010520003372123443,0.5263157894736842,0.007627868799718274,0.5789473684210527,-0.002889356369968364,0.5263157894736842,0.04501307893018197,0.631578947368421,-0.02169110827228138,0.631578947368421,3.6409504488498343,16
edge_minus_core_resid_speed,19,1465,-0.056296399683026625,0.7368421052631579,-0.03579229053868238,0.5789473684210527,-0.03393524138858449,0.631578947368421,0.03324619314362259,0.5263157894736842,0.019574278645063108,0.5263157894736842,1.6589361790119528,17
edge_minus_core_resid_tangential,19,1465,-0.019427578019248187,0.631578947368421,0.006200934513357237,0.5263157894736842,-0.07349435964582396,0.631578947368421,-0.006437545135726794,0.5263157894736842,-0.036357248907827655,0.6842105263157895,0.26434107478276514,17
edge_minus_core_resid_speed,19,1468,0.02356002753357439,0.5263157894736842,0.05284529005329455,0.631578947368421,0.061417549732055376,0.5789473684210527,-0.016197856023970503,0.5263157894736842,-0.014882278396905438,0.5263157894736842,0.38360415933815434,18
edge_minus_core_resid_tangential,19,1468,-0.023167527008456222,0.5789473684210527,-0.0018110885167295192,0.5263157894736842,-0.02180280458744671,0.631578947368421,-0.05887314372002439,0.6842105263157895,0.025976030300011776,0.631578947368421,1.0625938931634176,18
edge_minus_core_resid_tangential,19,1471,0.044810468257188915,0.5789473684210527,-0.07678721406812983,0.6842105263157895,-0.03297751542371363,0.5789473684210527,0.057352495077812315,0.5789473684210527,-0.02030412906637502,0.5789473684210527,1.3588188097689853,19
edge_minus_core_resid_speed,19,1471,0.018292896448499768,0.5789473684210527,-0.06392164567511643,0.6842105263157895,-0.05345831758868724,0.631578947368421,0.015013185591629785,0.5789473684210527,-0.03728800292687025,0.631578947368421,0.34218990184552456,19
edge_minus_core_resid_tangential,19,1469,-0.09602966529135315,0.6842105263157895,-0.0423322051219302,0.5789473684210527,0.006337097764662847,0.5263157894736842,-0.06485035489199711,0.5263157894736842,0.028316186428805665,0.5263157894736842,15.153571691261769,20
edge_minus_core_resid_speed,19,1469,-0.07143197108777488,0.631578947368421,0.0018246979968343235,0.5263157894736842,-0.010551844430999185,0.5263157894736842,-0.019111684795478867,0.6842105263157895,0.11330791974490667,0.631578947368421,6.769619430506594,20
edge_minus_core_resid_speed,19,1468,0.06221017057047426,0.5263157894736842,0.01179218610265323,0.5263157894736842,-0.025081480689422397,0.5263157894736842,-0.031083031615766032,0.5789473684210527,-0.0590725777150471,0.5263157894736842,2.480322886069088,21
edge_minus_core_resid_tangential,19,1468,-0.08061032166776745,0.5789473684210527,0.0003745091162262876,0.5263157894736842,-0.025602463148631016,0.5263157894736842,0.005646160106256182,0.5263157894736842,0.047745497076039006,0.5789473684210527,3.148537748098575,21
edge_minus_core_resid_tangential,19,1463,-0.020657079529107114,0.5789473684210527,-0.048618126367508195,0.6842105263157895,-0.030804448918164404,0.5263157894736842,0.009081041973015513,0.5263157894736842,0.025885401268573666,0.5789473684210527,0.6705875370140542,22
edge_minus_core_resid_speed,19,1463,-0.04537214424330613,0.5789473684210527,-0.03423069384096203,0.5789473684210527,-0.03813457567047397,0.5789473684210527,-0.0003718505448707665,0.5263157894736842,-0.05339539000747878,0.6842105263157895,1.1897901955268355,22
edge_minus_core_resid_tangential,19,1468,0.012241509105886374,0.5263157894736842,-0.008421944564293044,0.5263157894736842,0.01271771989649223,0.5789473684210527,0.037801683175527234,0.5789473684210527,-0.03721409013184737,0.631578947368421,0.9625553326789967,23
edge_minus_core_resid_speed,19,1468,-0.05013400050437883,0.6842105263157895,0.0566536549816577,0.631578947368421,-0.05326498413927072,0.631578947368421,-0.019449907453917142,0.631578947368421,-0.016403573567752974,0.5263157894736842,0.9412187258573966,23
edge_minus_core_resid_tangential,19,1468,0.018827142751213957,0.5263157894736842,0.04394440931343052,0.5263157894736842,0.043044264296903334,0.631578947368421,-0.027487289360730756,0.5263157894736842,-0.04537375373496885,0.5789473684210527,0.437390278559562,24
edge_minus_core_resid_speed,19,1468,0.02910679546223699,0.631578947368421,0.05413961213969698,0.5263157894736842,0.03980636649216407,0.631578947368421,0.03134389052410158,0.631578947368421,0.020257489427986636,0.5789473684210527,0.7312095533252626,24
edge_minus_core_resid_speed,19,1467,-0.09715943921184,0.631578947368421,-0.05044830346299961,0.5789473684210527,0.009521390707330879,0.5263157894736842,0.012932893466587214,0.5263157894736842,-0.03276563761641285,0.5263157894736842,10.204332770110282,25
edge_minus_core_resid_tangential,19,1467,-0.019988023537697193,0.5789473684210527,0.02423004417493324,0.5789473684210527,-0.12332223865419617,0.631578947368421,-0.0071223738221228156,0.5263157894736842,-0.00384835511278378,0.5263157894736842,0.16207963588582713,25
edge_minus_core_resid_tangential,19,1465,0.06721775292828333,0.5789473684210527,0.12471787432230508,0.7894736842105263,0.11815520361232786,0.8421052631578947,-0.030325028903768925,0.6842105263157895,0.04303930836962726,0.5263157894736842,0.5688937166815571,26
edge_minus_core_resid_speed,19,1465,0.008386154937191165,0.5789473684210527,0.07447784758314974,0.631578947368421,0.06402099123543875,0.5789473684210527,0.02769047911738881,0.631578947368421,0.04599493161499016,0.631578947368421,0.13099070750640016,26
edge_minus_core_resid_speed,19,1471,0.06160668268924147,0.7368421052631579,-0.0022206015146994107,0.5263157894736842,0.004914697658944922,0.5263157894736842,0.07022826007958213,0.631578947368421,0.03662525245657178,0.5789473684210527,12.535192796064505,27
edge_minus_core_resid_tangential,19,1471,0.05735579597492597,0.6842105263157895,0.019504765037758984,0.5789473684210527,-0.020112862549067606,0.5789473684210527,0.059208610152773455,0.6842105263157895,-0.05831978669258016,0.7894736842105263,2.851697307382279,27
edge_minus_core_resid_tangential,19,1468,0.07070920268520359,0.631578947368421,0.10837243146711245,0.631578947368421,0.03372177173477631,0.5263157894736842,0.07768885910330461,0.631578947368421,0.01395502008972671,0.5263157894736842,2.0968412704212454,28
edge_minus_core_resid_speed,19,1468,0.0047833475029665645,0.5263157894736842,0.046875523072322,0.631578947368421,-0.008800465450133022,0.5263157894736842,-0.00892505654271919,0.5263157894736842,-0.01882023381676437,0.5789473684210527,0.5435334676411079,28
edge_minus_core_resid_tangential,19,1469,-0.03099997862881243,0.5263157894736842,-0.004909128628893894,0.5263157894736842,0.0315203392695978,0.5263157894736842,0.008668082386337067,0.5263157894736842,0.03258715623876601,0.5789473684210527,0.9834912741155909,29
edge_minus_core_resid_speed,19,1469,-0.1637008926083125,0.7368421052631579,-0.07673628254524445,0.6842105263157895,-0.048946550054549676,0.7368421052631579,-0.036867847240668106,0.5789473684210527,0.04619720347914981,0.5789473684210527,3.344482755697226,29
edge_minus_core_resid_speed,19,1469,-0.07745739842965749,0.631578947368421,-0.04604738219361945,0.631578947368421,-0.05503336810343794,0.6842105263157895,0.02787135981755645,0.631578947368421,0.02946941260318667,0.5263157894736842,1.4074624377717984,30
edge_minus_core_resid_tangential,19,1469,-0.026220616876456434,0.6842105263157895,0.022889209592831344,0.5263157894736842,-0.06226089491785758,0.5789473684210527,0.0014564789311922993,0.5263157894736842,-0.023742306031878435,0.5789473684210527,0.42114102135939385,30
edge_minus_core_resid_tangential,19,1463,-0.02600242941118802,0.5263157894736842,0.042371929877883296,0.7368421052631579,0.02778795864137472,0.5263157894736842,-0.009693859066456145,0.5263157894736842,0.06862237994425632,0.6842105263157895,0.935744498067298,31
edge_minus_core_resid_speed,19,1463,-0.04510000968346335,0.5789473684210527,0.06724381430707335,0.631578947368421,0.02754999088118601,0.5789473684210527,0.00046918245644409634,0.5789473684210527,0.033552695587419294,0.5789473684210527,1.637024486794379,31
edge_minus_core_resid_speed,19,1467,-0.06975190507845086,0.5789473684210527,-0.015181995948495924,0.5263157894736842,0.02802154906638603,0.631578947368421,0.015725944830772776,0.5263157894736842,-0.006130884387778396,0.5263157894736842,2.489223736817732,32
edge_minus_core_resid_tangential,19,1467,0.04455069013102106,0.5789473684210527,0.00573223840374304,0.5789473684210527,0.0260025136727067,0.6842105263157895,0.05795150489857823,0.5789473684210527,-0.026365192192125235,0.631578947368421,1.7133224384296077,32
edge_minus_core_resid_tangential,19,1469,0.14925732998571659,0.6842105263157895,0.05731676847704653,0.631578947368421,0.028128099693087383,0.631578947368421,0.02774745734398898,0.5789473684210527,-0.07386260578066532,0.5789473684210527,5.3063424694273715,33
edge_minus_core_resid_speed,19,1469,0.07118212861997406,0.5789473684210527,0.04129671532085222,0.6842105263157895,0.017905968241728354,0.5263157894736842,0.004356199704776492,0.5263157894736842,0.07242809408918285,0.5789473684210527,3.975329770444364,33
edge_minus_core_resid_tangential,19,1466,-0.05435895133786939,0.5789473684210527,0.031357556011739895,0.631578947368421,-0.00020915827450029845,0.5263157894736842,0.03063348679783995,0.5263157894736842,-0.04624430300502763,0.5789473684210527,259.89386012931476,34
edge_minus_core_resid_speed,19,1466,-0.06226761187076402,0.7368421052631579,0.07437556852758986,0.6842105263157895,-0.028680002026962345,0.5789473684210527,-0.04587907799924573,0.631578947368421,0.03689872432541401,0.5789473684210527,2.1711160205716036,34
edge_minus_core_resid_speed,19,1471,-0.003085569976053689,0.5263157894736842,0.06746236156708685,0.5789473684210527,-0.04671166544456481,0.631578947368421,-0.006224920986180438,0.5789473684210527,0.0639829126769047,0.5263157894736842,0.06605566182853183,35
edge_minus_core_resid_tangential,19,1471,-0.026819385964805292,0.5789473684210527,-0.07373213012071067,0.631578947368421,-0.0627126806949842,0.631578947368421,0.024015577623376055,0.631578947368421,0.05666595020129821,0.631578947368421,0.4276549123333891,35
edge_minus_core_resid_speed,19,1466,-0.08092401512714612,0.631578947368421,0.05406047646443768,0.6842105263157895,0.006682124627865609,0.5263157894736842,0.05601854887033325,0.631578947368421,0.1273955637064132,0.7368421052631579,12.110521672953997,36
edge_minus_core_resid_tangential,19,1466,-0.2073518970295984,0.8421052631578947,0.03061606572363722,0.5263157894736842,-0.022728660904300257,0.5263157894736842,-0.01913254688430721,0.5789473684210527,0.06516366029027762,0.7894736842105263,9.122926242890422,36
edge_minus_core_resid_speed,19,1469,-0.044872016637617085,0.5789473684210527,-0.021944914620538214,0.5789473684210527,0.03898537287749748,0.5789473684210527,-0.035953036354994486,0.5789473684210527,0.09757857851261642,0.7368421052631579,1.1509962153912705,37
edge_minus_core_resid_tangential,19,1469,-0.1435752056418818,0.631578947368421,-0.07196190139494951,0.5789473684210527,-0.07635232638300346,0.7894736842105263,-0.05644057684932244,0.631578947368421,0.07012299118364596,0.6842105263157895,1.8804300070919988,37
edge_minus_core_resid_tangential,19,1469,0.008033765283295913,0.5789473684210527,0.0038723215822869805,0.5263157894736842,0.06937953177471445,0.5789473684210527,-0.006508583165342245,0.5263157894736842,0.056793048886311565,0.631578947368421,0.11579445807421605,38
edge_minus_core_resid_speed,19,1469,0.05531256576089316,0.631578947368421,-0.008359272167110694,0.5263157894736842,0.06397801097546657,0.7894736842105263,-0.02124353686239208,0.5263157894736842,0.01566047740068849,0.5789473684210527,0.8645558828345521,38
edge_minus_core_resid_tangential,19,1463,0.07720802789066429,0.6842105263157895,0.09019868677959952,0.8421052631578947,0.01173886556519399,0.5263157894736842,0.027721254267114137,0.5789473684210527,-0.09572543391077637,0.5263157894736842,6.5771285531702395,39
edge_minus_core_resid_speed,19,1463,0.13008746096409388,0.6842105263157895,0.0593319882610127,0.631578947368421,0.004719174608191934,0.5263157894736842,0.04983712555386082,0.5789473684210527,-0.04384190057863742,0.5263157894736842,27.56572319622955,39
edge_minus_core_resid_tangential,19,1468,0.03864206609052792,0.631578947368421,0.07820435858982455,0.6842105263157895,0.07245053538534507,0.7368421052631579,0.03767324798670343,0.5789473684210527,0.002058538084906164,0.5263157894736842,0.5333579094343621,40
edge_minus_core_resid_speed,19,1468,0.007249796555416559,0.5263157894736842,0.01174951627515683,0.5263157894736842,0.016596535653967903,0.5789473684210527,0.007060276534093914,0.5263157894736842,0.03784778994440385,0.631578947368421,0.4368258958720265,40
edge_minus_core_resid_speed,19,1468,0.09639682079854456,0.5789473684210527,0.0010721057213140227,0.5263157894736842,-0.002225263338658856,0.5789473684210527,0.027615842703283433,0.631578947368421,-0.034564774736997816,0.631578947368421,43.319286811529444,41
edge_minus_core_resid_tangential,19,1468,-0.06174654053041151,0.6842105263157895,-0.08596136022765849,0.5789473684210527,-0.017572012645764357,0.631578947368421,0.015276025027166212,0.5263157894736842,-0.0016998467327963632,0.5263157894736842,3.513913959383315,41
edge_minus_core_resid_tangential,19,1468,0.041616512772824604,0.5263157894736842,0.004323068536795871,0.5263157894736842,0.039717771921849325,0.5789473684210527,0.03259043878806465,0.6842105263157895,0.037290343628744116,0.5789473684210527,1.0478058249267188,42
edge_minus_core_resid_speed,19,1468,-0.01701740229119103,0.5263157894736842,-0.04782088780024893,0.5789473684210527,0.0044066409785774585,0.5263157894736842,-0.003583964345629964,0.5263157894736842,0.00600559619793406,0.5263157894736842,3.8617628197803735,42
edge_minus_core_resid_speed,19,1467,-0.058006385547033634,0.5789473684210527,-0.06733234428946222,0.5789473684210527,0.0043470680327670624,0.5263157894736842,0.01362523283839484,0.5263157894736842,0.07707164966253151,0.5263157894736842,13.343795199384198,43
edge_minus_core_resid_tangential,19,1467,-0.029473458475611558,0.5263157894736842,-0.029909671272871807,0.5263157894736842,-0.01388333351830634,0.631578947368421,0.01963977131563957,0.5263157894736842,0.05183509566712552,0.5789473684210527,2.122938157233515,43
edge_minus_core_resid_tangential,19,1468,-0.05154481346860498,0.5789473684210527,-0.028284560785880472,0.5789473684210527,0.09045029760201112,0.631578947368421,-0.01709887780631658,0.631578947368421,-0.04675865649058293,0.5789473684210527,0.5698689206685253,44
edge_minus_core_resid_speed,19,1468,-0.002088244047784016,0.5263157894736842,-0.0886511807474617,0.631578947368421,-0.026714072669267314,0.5263157894736842,-0.034962489879116626,0.631578947368421,-0.008131009640355208,0.5263157894736842,0.07817018668914515,44
edge_minus_core_resid_tangential,19,1470,0.007484703489875066,0.5263157894736842,0.00980587195262772,0.5789473684210527,-0.02560505647289013,0.5789473684210527,-0.05138827417347075,0.6842105263157895,-0.027339805402955296,0.5789473684210527,0.292313492758731,45
edge_minus_core_resid_speed,19,1470,0.0645832411287631,0.6842105263157895,-0.05748999700555768,0.631578947368421,-0.038004491570842486,0.5263157894736842,0.01746830137385602,0.5789473684210527,-0.09698785994217204,0.6842105263157895,1.6993581142475316,45
edge_minus_core_resid_tangential,19,1467,-0.022539788707090808,0.5789473684210527,-0.06580145256964923,0.5789473684210527,0.028137243641590804,0.631578947368421,-0.04126597507154785,0.631578947368421,-0.012248126497055402,0.5263157894736842,0.8010659819490573,46
edge_minus_core_resid_speed,19,1467,-0.04256099333350105,0.5789473684210527,-0.019059425680284178,0.631578947368421,-0.06707535967338117,0.631578947368421,0.07760974031127708,0.6842105263157895,-0.08542813388763487,0.631578947368421,0.6345250109838974,46
edge_minus_core_resid_tangential,19,1470,0.023017034572630546,0.5789473684210527,-0.03565664671265595,0.631578947368421,0.013802004791005629,0.5263157894736842,-0.031048509868735655,0.5263157894736842,0.0056375872322340925,0.5789473684210527,1.667658787340089,47
edge_minus_core_resid_speed,19,1470,-0.0168181045535805,0.5263157894736842,-0.02833406884371048,0.5789473684210527,-0.07860913992541858,0.631578947368421,0.07514486398950174,0.7894736842105263,-0.048824788272220525,0.631578947368421,0.21394591735181037,47
edge_minus_core_resid_speed,19,1467,-0.06354067911879355,0.631578947368421,0.024424220583548276,0.5263157894736842,0.10531539498944648,0.7368421052631579,-0.004028217157862279,0.5263157894736842,0.02901806861005335,0.631578947368421,0.6033370441725151,48
edge_minus_core_resid_tangential,19,1467,0.0027336144117637157,0.5263157894736842,0.029964566540071944,0.5789473684210527,0.010016361029504442,0.5263157894736842,-0.03105554123529498,0.5263157894736842,0.07875519981093809,0.5789473684210527,0.2729149242635637,48
edge_minus_core_resid_tangential,19,1466,-0.012093825165502933,0.5263157894736842,-0.01932894468034321,0.5263157894736842,-0.024228378086079472,0.631578947368421,-0.056220369268395895,0.631578947368421,-0.05407679551813526,0.5789473684210527,0.4991595030643631,49
edge_minus_core_resid_speed,19,1466,-0.12921789310630866,0.5789473684210527,0.028145098952627623,0.5789473684210527,-0.02847541546840556,0.6842105263157895,-0.008769817309100418,0.5263157894736842,0.008283879219386975,0.5263157894736842,4.537875601839077,49
edge_minus_core_resid_speed,19,1464,-0.0517482226060012,0.631578947368421,0.012840863020989524,0.5263157894736842,-0.0023706525463327854,0.5263157894736842,-0.09227863319817886,0.631578947368421,-0.0202366419288246,0.5263157894736842,21.828682860359127,50
edge_minus_core_resid_tangential,19,1464,-0.04781478830548275,0.6842105263157895,0.023905642138983163,0.5263157894736842,-0.003128461131583715,0.5263157894736842,-0.0236349096672685,0.6842105263157895,0.03975185542030035,0.5263157894736842,15.283804495048194,50
edge_minus_core_resid_speed,19,1467,0.044816857923150044,0.631578947368421,-0.016074910907394782,0.5789473684210527,-0.0012540545508130663,0.5263157894736842,-0.012858086895159965,0.631578947368421,0.08310856976495601,0.631578947368421,35.73756651502364,51
edge_minus_core_resid_tangential,19,1467,0.04631358453168176,0.631578947368421,-0.009124316562774959,0.5263157894736842,-0.02209688804771838,0.5789473684210527,-0.0004527360258568397,0.5263157894736842,-0.029922760156061032,0.5263157894736842,2.0959324422365384,51
edge_minus_core_resid_speed,19,1471,-0.022474763223995664,0.631578947368421,-0.0784567230830876,0.631578947368421,-0.010278468425949594,0.5263157894736842,-0.040092653167764974,0.5789473684210527,-0.027845897676984747,0.5789473684210527,2.1865867843943194,52
edge_minus_core_resid_tangential,19,1471,0.019304992313667446,0.5263157894736842,-0.027266975178089625,0.5789473684210527,-0.028915293922229544,0.5789473684210527,-0.06112246474599477,0.5789473684210527,0.04367948392911518,0.5789473684210527,0.6676394978238878,52
edge_minus_core_resid_speed,19,1469,0.01921194986056044,0.5263157894736842,0.024442158379057277,0.631578947368421,-0.024049885060860254,0.631578947368421,0.05639051828408849,0.5789473684210527,-0.11868209421986145,0.631578947368421,0.798837491819316,53
edge_minus_core_resid_tangential,19,1469,0.025883620471497268,0.5789473684210527,-0.0028577812337157588,0.5263157894736842,-0.04470708108055603,0.6842105263157895,0.058609399814888385,0.631578947368421,-0.0064908234092261735,0.5263157894736842,0.5789601970403421,53
edge_minus_core_resid_speed,19,1468,0.05666579818094958,0.631578947368421,0.06718778580538808,0.631578947368421,0.025020676906794836,0.5263157894736842,-0.0800984386756029,0.631578947368421,-0.10818107687114745,0.5789473684210527,2.2647587989740163,54
edge_minus_core_resid_tangential,19,1468,0.08221808420245552,0.631578947368421,0.09031877148142,0.631578947368421,-0.05558770974025733,0.5789473684210527,0.017836696025344087,0.631578947368421,-0.09230646136469312,0.8421052631578947,1.4790694667334376,54
edge_minus_core_resid_speed,19,1466,0.03974284552376808,0.5789473684210527,0.0617202793636656,0.5263157894736842,0.044362736680354425,0.631578947368421,0.00821699115087686,0.5263157894736842,-0.03577951150515567,0.5789473684210527,0.8958609972627722,55
edge_minus_core_resid_tangential,19,1466,0.04670283824844246,0.6842105263157895,0.047418547746624795,0.631578947368421,0.04038628297327325,0.631578947368421,0.011439481348707627,0.5263157894736842,-0.015045028176179767,0.5789473684210527,1.156403481829446,55
edge_minus_core_resid_tangential,19,1466,-0.03588829868047824,0.5263157894736842,-0.04301974113781504,0.5789473684210527,-0.01560799685028802,0.5789473684210527,0.012740140308075576,0.5789473684210527,0.01418671152441256,0.5263157894736842,2.299353275421502,56
edge_minus_core_resid_speed,19,1466,-0.008124869584183625,0.5263157894736842,-0.12610431598412103,0.5789473684210527,-0.06895591475781374,0.5789473684210527,0.029730357308656516,0.5789473684210527,-0.09533417959422347,0.7368421052631579,0.11782701473426478,56
edge_minus_core_resid_tangential,19,1468,-0.03954779855232928,0.631578947368421,0.008702989179510588,0.5789473684210527,-0.00791492117339719,0.5263157894736842,0.002733776074366548,0.5263157894736842,-0.061838480745640134,0.631578947368421,4.996613066122911,57
edge_minus_core_resid_speed,19,1468,-0.07332234820708594,0.5263157894736842,0.04320846603058348,0.5789473684210527,-0.04201746569706061,0.5263157894736842,0.00990686546057263,0.5263157894736842,-0.06455040670279431,0.6842105263157895,1.7450445187658072,57
edge_minus_core_resid_speed,19,1465,-0.07884292437810203,0.6842105263157895,-0.007581492848612703,0.5263157894736842,-0.06706765049309765,0.6842105263157895,-0.021285723521045997,0.5789473684210527,-0.02533656320357064,0.5263157894736842,1.1755730788007288,58
edge_minus_core_resid_tangential,19,1465,-0.02574795879426689,0.631578947368421,0.011034566664944956,0.5263157894736842,-0.10391290749652402,0.7368421052631579,-0.06397058965323568,0.6842105263157895,0.04127760731837449,0.5789473684210527,0.24778402813075154,58
edge_minus_core_resid_tangential,19,1464,0.07962096178981017,0.6842105263157895,0.023894152222512885,0.5263157894736842,0.09112996936355403,0.5263157894736842,-0.025389445783464804,0.5789473684210527,-0.017494986309888327,0.5263157894736842,0.8737077642610653,59
edge_minus_core_resid_speed,19,1464,0.07844612467696906,0.7894736842105263,0.053328965333913875,0.5789473684210527,0.01460928673857545,0.631578947368421,-0.013184921929652926,0.5263157894736842,-0.03993026298721604,0.631578947368421,5.369606749509137,59
edge_minus_core_resid_tangential,19,1471,0.06604872662593314,0.6842105263157895,-0.01515988731263257,0.5263157894736842,0.020933096607658297,0.5263157894736842,0.05691041550683791,0.631578947368421,-0.07613096816021281,0.6842105263157895,3.1552296281750047,60
edge_minus_core_resid_speed,19,1471,0.07841978343869638,0.7368421052631579,0.05536656552818564,0.7368421052631579,0.009965006352541272,0.5263157894736842,-0.04350879024942936,0.5263157894736842,0.029090720141282972,0.631578947368421,7.869516653012248,60
edge_minus_core_resid_speed,19,1465,0.01823436417609267,0.5263157894736842,0.013580501553398489,0.5789473684210527,-0.00455094801985487,0.5263157894736842,-0.0728345110530815,0.6842105263157895,0.019709930755494397,0.631578947368421,4.00671774244395,61
edge_minus_core_resid_tangential,19,1465,-0.033464249564575735,0.5789473684210527,0.022917426637728083,0.5789473684210527,-0.0420742771671689,0.631578947368421,-0.006277360409277927,0.5789473684210527,-0.013979775098893962,0.5263157894736842,0.7953612472441552,61
edge_minus_core_resid_speed,19,1470,-0.09840161838049538,0.6842105263157895,-0.07906504070387982,0.631578947368421,0.05761517890586265,0.5789473684210527,-0.024917545440493072,0.631578947368421,0.10877014714613809,0.631578947368421,1.7079113568539572,62
edge_minus_core_resid_tangential,19,1470,-0.04117994071479911,0.5263157894736842,-0.04632324443416763,0.631578947368421,0.04927136201308488,0.7368421052631579,-0.07791557563564379,0.631578947368421,0.13805863123592027,0.7894736842105263,0.8357784122927847,62
edge_minus_core_resid_tangential,19,1465,0.07213825864734609,0.631578947368421,0.005667216571555889,0.5263157894736842,-0.004353620255065138,0.5789473684210527,-0.0008106002669939771,0.5263157894736842,-0.008300413589980238,0.5263157894736842,16.569717711005726,63
edge_minus_core_resid_speed,19,1465,-0.017203427359213735,0.5789473684210527,0.06516669886682053,0.5263157894736842,-0.03452301986083703,0.5263157894736842,-0.03181992283902774,0.5789473684210527,0.05045652424843822,0.5789473684210527,0.49831756980012437,63
edge_minus_core_resid_speed,19,1468,0.0037694367678384744,0.5263157894736842,0.07707403039096128,0.631578947368421,0.060902658031038226,0.631578947368421,0.013454375511156608,0.5263157894736842,0.10460319645591296,0.5789473684210527,0.06189281206605845,64
edge_minus_core_resid_tangential,19,1468,0.031840460421584504,0.631578947368421,0.17371210513005478,0.6842105263157895,0.019187608936889325,0.5789473684210527,0.012033178596828842,0.5789473684210527,-0.012184969617578062,0.5789473684210527,1.6594282553033128,64
edge_minus_core_resid_tangential,19,1468,0.012723627618443478,0.5789473684210527,0.01768234307640823,0.5263157894736842,-0.03232660273930224,0.5263157894736842,0.07310588876881419,0.7894736842105263,0.04131732510042685,0.5263157894736842,0.39359618828656767,65
edge_minus_core_resid_speed,19,1468,0.07678934444060037,0.7368421052631579,0.059426098836167146,0.5263157894736842,-0.037399724077900875,0.631578947368421,0.09024956099103953,0.6842105263157895,-0.05947162487861865,0.6842105263157895,2.053206175549686,65
edge_minus_core_resid_speed,19,1470,0.041916265315943335,0.5789473684210527,-0.044876102116674144,0.5263157894736842,3.313928662207477e-05,0.5263157894736842,0.03411110418907404,0.631578947368421,-0.022437869764078352,0.5789473684210527,1264.8511657466408,66
edge_minus_core_resid_tangential,19,1470,0.007874195430031525,0.5263157894736842,0.01473653645520756,0.5263157894736842,-0.02459969340476642,0.5789473684210527,-0.048304857267174345,0.5263157894736842,0.03803973208469544,0.5263157894736842,0.3200932345159158,66
edge_minus_core_resid_tangential,19,1467,-0.04729766975718639,0.5263157894736842,0.041375106870978506,0.631578947368421,-0.007792502815071788,0.5789473684210527,0.028300347936588057,0.5789473684210527,-0.03253737815008384,0.5263157894736842,6.069637814657711,67
edge_minus_core_resid_speed,19,1467,0.11003149379882948,0.7368421052631579,0.046953967286858744,0.5263157894736842,-0.05701372283968251,0.631578947368421,0.04284154607090307,0.6842105263157895,-0.026337033667481524,0.631578947368421,1.9299124547300341,67
edge_minus_core_resid_tangential,19,1467,-0.08957309862729523,0.631578947368421,-0.03097619995303396,0.631578947368421,-0.0422400062579242,0.7894736842105263,-0.006164841745893601,0.5263157894736842,-0.013319568305948989,0.5789473684210527,2.120574937426563,68
edge_minus_core_resid_speed,19,1467,0.02414824714294528,0.5789473684210527,-0.03711662234601945,0.5263157894736842,-0.058730397408157775,0.5789473684210527,0.05468709222937321,0.631578947368421,-0.05125716194995572,0.631578947368421,0.4111711857681221,68
edge_minus_core_resid_speed,19,1463,0.004184543435728091,0.5263157894736842,0.048474309095985595,0.631578947368421,0.028195481220672336,0.5263157894736842,-0.04199895807120407,0.5789473684210527,0.05912845000792505,0.5789473684210527,0.14841184667066692,69
edge_minus_core_resid_tangential,19,1463,-0.0005807803782714727,0.5263157894736842,0.016977208823337475,0.5263157894736842,0.02794501463184465,0.5263157894736842,-0.04980818893170247,0.631578947368421,-0.06586166610358413,0.631578947368421,0.02078296919585958,69
edge_minus_core_resid_tangential,19,1469,0.06089575909997566,0.631578947368421,-0.0974576658735721,0.5789473684210527,0.03216614412324581,0.5789473684210527,-0.007556088162556374,0.5789473684210527,-0.017987843904948758,0.631578947368421,1.8931631614486097,70
edge_minus_core_resid_speed,19,1469,0.0032748188547611634,0.5789473684210527,-0.0865079871284451,0.6842105263157895,0.0017879202259441784,0.5263157894736842,0.018814849498891395,0.5263157894736842,-0.04828440089198707,0.6842105263157895,1.8316358902600212,70
edge_minus_core_resid_speed,19,1469,0.03640584672452525,0.631578947368421,-0.0036835559353210756,0.5263157894736842,-0.00709132026112444,0.5263157894736842,0.00726948515908761,0.5263157894736842,0.061523301012670825,0.7368421052631579,5.1338601817361065,71
edge_minus_core_resid_tangential,19,1469,-0.013683293205955752,0.5789473684210527,-0.023451771438584165,0.631578947368421,-0.03421785103524358,0.5789473684210527,-0.043303530188054565,0.6842105263157895,0.0062300629543855235,0.5263157894736842,0.39988756721929386,71
edge_minus_core_resid_tangential,19,1468,-0.009192145704915222,0.5263157894736842,-0.04714099829039442,0.631578947368421,-0.060431291211092225,0.6842105263157895,0.033124365635864905,0.5789473684210527,-0.051259232184163256,0.631578947368421,0.15210904021239902,72
edge_minus_core_resid_speed,19,1468,-0.09299545369646517,0.6842105263157895,-0.12434496638676146,0.6842105263157895,-0.06850904574038941,0.631578947368421,0.031565236412586475,0.5789473684210527,-0.004717138766426959,0.5263157894736842,1.3574186108045558,72
edge_minus_core_resid_tangential,19,1466,-0.06548104423668022,0.5789473684210527,-0.01938659104869689,0.5789473684210527,-0.01754522964512273,0.631578947368421,0.04930394589103393,0.5789473684210527,-0.024937364189680733,0.5789473684210527,3.732128080459911,73
edge_minus_core_resid_speed,19,1466,0.0572675981864319,0.5789473684210527,0.09595329776856043,0.7894736842105263,-0.03262728474613806,0.7368421052631579,0.0005586570772942445,0.5263157894736842,-0.06743865297286113,0.631578947368421,1.7552057620489059,73
edge_minus_core_resid_speed,19,1469,-0.008038935770227573,0.5263157894736842,-0.005982598761934653,0.5263157894736842,-0.007043323405156482,0.5263157894736842,-0.034890191177542995,0.5263157894736842,0.024594726997205565,0.5789473684210527,1.141355480616181,74
edge_minus_core_resid_tangential,19,1469,0.026007299066334054,0.5789473684210527,-0.013376928744873506,0.631578947368421,-0.01884542777643483,0.5263157894736842,-0.02508021467191468,0.5789473684210527,0.04234616941176411,0.6842105263157895,1.380032301461193,74
edge_minus_core_resid_speed,19,1469,-0.0067535004897070205,0.5263157894736842,-0.09309202340809167,0.5263157894736842,-0.0564032273023677,0.6842105263157895,-0.03977194583036869,0.5789473684210527,0.021129732267067478,0.5263157894736842,0.11973606498618779,75
edge_minus_core_resid_tangential,19,1469,0.03493290632527496,0.5263157894736842,-0.06627991966620933,0.6842105263157895,-0.05722722472898609,0.5789473684210527,0.03552028520324955,0.5263157894736842,-0.07499132752897877,0.631578947368421,0.6104246098025637,75
edge_minus_core_resid_tangential,19,1465,0.07322588449721487,0.6842105263157895,-0.029729510747537227,0.5789473684210527,-0.021009242550847712,0.631578947368421,0.046243296566294986,0.7368421052631579,-0.05407679551813526,0.631578947368421,3.4854128757850074,76
edge_minus_core_resid_speed,19,1465,0.009436991790740479,0.5263157894736842,0.001560681919480389,0.5263157894736842,-0.03257513645805221,0.5263157894736842,0.017251688902786222,0.631578947368421,-0.02206811185726481,0.5263157894736842,0.28969922514039875,76
edge_minus_core_resid_speed,19,1468,0.0721326607653542,0.6842105263157895,0.07407867513495713,0.631578947368421,0.06963033492427168,0.7368421052631579,0.038674814062951535,0.5263157894736842,-0.016254056458320815,0.5789473684210527,1.0359372943387963,77
edge_minus_core_resid_tangential,19,1468,0.038271419407523655,0.631578947368421,0.021332267046046016,0.631578947368421,0.0474438953672415,0.631578947368421,0.029193747236013395,0.5789473684210527,-0.03892800817435978,0.5263157894736842,0.8066668875159195,77
edge_minus_core_resid_speed,19,1470,-0.09933459446821716,0.6842105263157895,0.010071343548745143,0.5263157894736842,0.030887662203248845,0.5263157894736842,-0.06151993347100443,0.6842105263157895,0.11040585414727837,0.7368421052631579,3.215995882581521,78
edge_minus_core_resid_tangential,19,1470,-0.17257868524571215,0.7368421052631579,-0.05989846586545794,0.631578947368421,-0.06690139744252854,0.8421052631578947,-0.0625289668584679,0.5789473684210527,0.09366289505005837,0.7894736842105263,2.579597614443934,78
edge_minus_core_resid_tangential,19,1461,-0.0011639574292972021,0.5263157894736842,-0.0056693584460375535,0.5263157894736842,0.12500240058318368,0.7368421052631579,-0.01526125844492543,0.631578947368421,0.07464310233441335,0.631578947368421,0.009311480610507466,79
edge_minus_core_resid_speed,19,1461,-0.06911046486655972,0.5789473684210527,-0.0016793278623040697,0.5263157894736842,0.042265271936913595,0.5789473684210527,-0.04685099436424678,0.5789473684210527,0.08919028580666016,0.7894736842105263,1.6351595931931082,79
edge_minus_core_resid_speed,19,1467,-0.0036971366388744986,0.5263157894736842,0.020582171414857298,0.631578947368421,0.04415593163547983,0.6842105263157895,0.049480201916879074,0.5789473684210527,-0.09228003821115628,0.631578947368421,0.08372910505875963,80
edge_minus_core_resid_tangential,19,1467,0.022481628431472066,0.5789473684210527,0.021045933224251134,0.5263157894736842,-0.026344678448455172,0.5263157894736842,0.02374378468966165,0.6842105263157895,0.0008130067860422641,0.5263157894736842,0.8533650723981552,80
edge_minus_core_resid_speed,19,1467,0.02742896223302519,0.5263157894736842,0.003623790719052611,0.5263157894736842,0.013079631259849567,0.631578947368421,-0.029759173150338936,0.5263157894736842,-0.0399354254836292,0.631578947368421,2.0970745801698283,81
edge_minus_core_resid_tangential,19,1467,0.03249144796493404,0.631578947368421,0.01159327416851915,0.5263157894736842,0.010519429210788106,0.631578947368421,-0.03259916695251286,0.5789473684210527,0.03426268396819637,0.5789473684210527,3.0887082667577372,81
edge_minus_core_resid_speed,19,1466,-0.035741812335729456,0.631578947368421,0.007586639732135858,0.5263157894736842,0.02325134534649892,0.5789473684210527,0.05909356454377595,0.5789473684210527,-0.04265811530831085,0.631578947368421,1.53719330228396,82
edge_minus_core_resid_tangential,19,1466,0.0294878921943139,0.5789473684210527,-0.0023069303709942757,0.5263157894736842,-0.0033642165617648323,0.5263157894736842,0.024493251184592058,0.6842105263157895,-0.012138875410564215,0.5263157894736842,8.765158738427013,82
edge_minus_core_resid_speed,19,1468,-0.0724244820512282,0.631578947368421,0.09265245118833262,0.7368421052631579,-0.043540390252527705,0.7894736842105263,-0.104256315178623,0.7368421052631579,0.028029639876795492,0.5263157894736842,1.6633861486122912,83
edge_minus_core_resid_tangential,19,1468,-0.02549529025140812,0.5789473684210527,0.027526269137648416,0.631578947368421,-0.08358769325696178,0.6842105263157895,-0.036119329394770805,0.5789473684210527,0.013950591067610076,0.5789473684210527,0.30501248758033755,83
edge_minus_core_resid_speed,19,1467,0.0030354053108698487,0.5263157894736842,-0.08790911423207073,0.631578947368421,-0.01180598098896285,0.5789473684210527,-0.0006053902220412022,0.5263157894736842,0.06242685246804233,0.631578947368421,0.25710741984995417,84
edge_minus_core_resid_tangential,19,1467,-0.03830985018960736,0.5263157894736842,-0.009610908453742965,0.631578947368421,-0.06526984398087948,0.631578947368421,-0.0035697392673248313,0.5263157894736842,0.03027018614535945,0.631578947368421,0.5869456375723843,84
edge_minus_core_resid_tangential,19,1469,0.0689468030939612,0.6842105263157895,0.02415624784915482,0.631578947368421,0.15098409080759634,0.5789473684210527,-0.11381342044961842,0.6842105263157895,-0.06048811768583498,0.631578947368421,0.4566494570730782,85
edge_minus_core_resid_speed,19,1469,0.011084151087514038,0.5789473684210527,0.08807162732355489,0.5263157894736842,0.046175715629234886,0.5263157894736842,0.022103508490561218,0.5789473684210527,0.020546383677585524,0.6842105263157895,0.2400428653128748,85
edge_minus_core_resid_speed,19,1466,-0.0978140899782114,0.631578947368421,-0.029390493610720814,0.5789473684210527,0.025717405717184394,0.5789473684210527,-0.05433124179190174,0.7368421052631579,0.05296790967885204,0.5789473684210527,3.803419794899916,86
edge_minus_core_resid_tangential,19,1466,-0.09203834427444982,0.631578947368421,0.0007029107757932501,0.5263157894736842,0.013005885484903668,0.5263157894736842,-0.10516960951612758,0.9473684210526315,0.044683427964004194,0.5789473684210527,7.076668818995951,86
edge_minus_core_resid_speed,19,1468,0.0008367729808651525,0.5263157894736842,-0.06187610332903781,0.631578947368421,0.02671518500427118,0.5263157894736842,-0.009746288956982152,0.5789473684210527,-0.06126472235255466,0.631578947368421,0.031321998359037026,87
edge_minus_core_resid_tangential,19,1468,-0.00619558504283263,0.5263157894736842,-0.07121346391054562,0.5789473684210527,-0.08156207266711396,0.6842105263157895,-0.020482228326249713,0.5789473684210527,-0.0532378138657664,0.5789473684210527,0.07596159391533837,87
edge_minus_core_resid_speed,19,1469,0.0577631204624342,0.5789473684210527,0.11173320590890407,0.631578947368421,0.017998783848627797,0.631578947368421,0.03334481510974911,0.6842105263157895,0.04331396182452818,0.5789473684210527,3.2092790795328088,88
edge_minus_core_resid_tangential,19,1469,0.003853071393956631,0.5263157894736842,0.016385232486020498,0.5789473684210527,-0.04563394831988013,0.5263157894736842,0.04898396794562328,0.7368421052631579,0.06793751525581784,0.5789473684210527,0.08443431997046956,88
edge_minus_core_resid_speed,19,1466,-0.03069891732408614,0.5263157894736842,-0.09550133589057207,0.5789473684210527,-0.0048324683772335356,0.5263157894736842,-0.07186174773562913,0.6842105263157895,-0.0005863814336654893,0.5263157894736842,6.3526369812812895,89
edge_minus_core_resid_tangential,19,1466,0.016102115684931195,0.5789473684210527,-0.026839697468121815,0.5263157894736842,-0.07937302894184017,0.5263157894736842,-0.0400778296198169,0.5263157894736842,-0.03679232727913462,0.631578947368421,0.202866337590945,89
edge_minus_core_resid_speed,19,1468,0.011053706470544267,0.5263157894736842,0.030219130661339466,0.631578947368421,0.060584860204577734,0.5789473684210527,0.0038337110744674496,0.5263157894736842,0.08561597298612239,0.631578947368421,0.18244997897525989,90
edge_minus_core_resid_tangential,19,1468,0.04452330510768566,0.6842105263157895,0.04890043418629242,0.6842105263157895,-0.032718617217279665,0.631578947368421,0.053586081239364425,0.631578947368421,0.021674604690257546,0.631578947368421,1.3607942173109806,90
edge_minus_core_resid_speed,19,1468,0.08122608157490334,0.6842105263157895,-0.007402693118129716,0.5263157894736842,0.0555926850656608,0.7894736842105263,0.034599655065649826,0.5789473684210527,0.012227278700224331,0.5789473684210527,1.4610929743538525,91
edge_minus_core_resid_tangential,19,1468,0.02101830843503953,0.5789473684210527,-0.03245205083833949,0.631578947368421,0.03782947474072296,0.631578947368421,0.0318019298095521,0.5263157894736842,-0.07026783789050838,0.5789473684210527,0.5556066685856884,91
edge_minus_core_resid_tangential,19,1467,-0.12043120031467469,0.5789473684210527,-0.08583365165297852,0.631578947368421,0.053360442662514246,0.7368421052631579,-0.004026881476005606,0.5263157894736842,0.03188648387239912,0.5263157894736842,2.256937804589798,92
edge_minus_core_resid_speed,19,1467,-0.035253734643425294,0.5789473684210527,-0.0640756020905826,0.7368421052631579,0.04992658035488895,0.7368421052631579,0.018167032921940884,0.631578947368421,0.09406709484538138,0.5789473684210527,0.7061115420450211,92
edge_minus_core_resid_tangential,19,1471,-0.06371458988789827,0.6842105263157895,-0.041662639472135936,0.5789473684210527,-0.026848638594821173,0.6842105263157895,-0.01763584691080569,0.5789473684210527,0.12539274992776459,0.6842105263157895,2.3731031896786066,93
edge_minus_core_resid_speed,19,1471,-0.03013434118431553,0.631578947368421,-0.011428938921915488,0.5263157894736842,-0.027239804722900274,0.5789473684210527,-0.021972448670359107,0.5789473684210527,0.03891746285101939,0.7368421052631579,1.1062612779665724,93
edge_minus_core_resid_tangential,19,1470,0.05578147812879408,0.6842105263157895,0.00962103404470828,0.5263157894736842,0.033910772108959736,0.631578947368421,0.032829232140839694,0.631578947368421,-0.03421282464999012,0.631578947368421,1.644948630174533,94
edge_minus_core_resid_speed,19,1470,0.05725038692805699,0.5789473684210527,-0.0017278778826671226,0.5263157894736842,0.01870122399146637,0.631578947368421,0.061986812149261605,0.6842105263157895,-0.04636288937785976,0.5789473684210527,3.061317641785433,94
edge_minus_core_resid_speed,19,1466,0.11374528706678738,0.6842105263157895,-0.01797115071078817,0.5789473684210527,-0.0515319398240046,0.631578947368421,0.05019781815806876,0.5789473684210527,-0.08038399440308935,0.5789473684210527,2.2072774177579584,95
edge_minus_core_resid_tangential,19,1466,0.002516552286750809,0.5263157894736842,0.0050766359227345514,0.5263157894736842,-0.06794493846567343,0.6842105263157895,-0.016890142608512654,0.5263157894736842,-0.02971859337778804,0.5263157894736842,0.03703811267740275,95
edge_minus_core_resid_tangential,19,1464,0.010141349306756753,0.5263157894736842,-0.07112688768307437,0.5789473684210527,-0.01691821973517619,0.5263157894736842,0.067757756396707,0.5789473684210527,0.04292408476562787,0.5263157894736842,0.5994335967673338,96
edge_minus_core_resid_speed,19,1464,-0.04923495152661446,0.5789473684210527,0.015024938877224284,0.5263157894736842,-0.03525919318853421,0.5789473684210527,0.01229546399546666,0.5789473684210527,-0.01808828782500066,0.5789473684210527,1.396372040147106,96
edge_minus_core_resid_speed,19,1465,0.04743517069922741,0.5263157894736842,0.02878260545497846,0.631578947368421,0.0051178079039651825,0.5263157894736842,0.021822178679924142,0.5789473684210527,-0.051137649968384324,0.631578947368421,9.268650091863652,97
edge_minus_core_resid_tangential,19,1465,0.07756958773452349,0.631578947368421,0.028201464958589217,0.5263157894736842,-0.07906597488090766,0.7894736842105263,-0.039646020693692,0.5789473684210527,-0.11068366409474158,0.7368421052631579,0.9810741959656086,97
edge_minus_core_resid_speed,19,1469,0.08516508976904688,0.5263157894736842,-0.05055500135370261,0.5263157894736842,0.03754554840511104,0.5263157894736842,0.06219542754032806,0.6842105263157895,-0.02340156908633252,0.5789473684210527,2.268313911682095,98
edge_minus_core_resid_tangential,19,1469,-0.007632137396841557,0.5263157894736842,-0.04284079077228775,0.5263157894736842,-0.07240634952238101,0.6842105263157895,-0.005163012464165312,0.5263157894736842,-0.007089352219399464,0.5263157894736842,0.10540701813012188,98
edge_minus_core_resid_tangential,19,1466,-0.15595229546704253,0.8421052631578947,-0.08816452739585487,0.631578947368421,-0.05300465133558735,0.7368421052631579,-0.029717072758896464,0.631578947368421,0.008371530685700651,0.5263157894736842,2.9422379270012495,99
edge_minus_core_resid_speed,19,1466,-0.041392604325320215,0.5263157894736842,0.034024562748758785,0.5263157894736842,-0.11371984213399311,0.5263157894736842,0.03435418166603743,0.5789473684210527,0.002135387867471056,0.5263157894736842,0.3639875289006152,99
edge_minus_core_resid_speed,19,1468,-0.07730080554496582,0.5789473684210527,0.0047424357474145085,0.5263157894736842,-0.018746662906440323,0.6842105263157895,-0.06863061211864974,0.6842105263157895,-0.02219197884323293,0.5263157894736842,4.12344351262696,100
edge_minus_core_resid_tangential,19,1468,-0.005585889967382518,0.5263157894736842,0.013779504507131779,0.5789473684210527,-0.08079392230892954,0.6842105263157895,-0.04769131249800394,0.7894736842105263,0.057015612826453406,0.5789473684210527,0.06913750202674777,100
edge_minus_core_resid_tangential,19,1468,0.10226905710694044,0.6842105263157895,0.06584008403399408,0.6842105263157895,-0.04294304646117819,0.631578947368421,0.02675846712536163,0.631578947368421,-0.09417451261301424,0.6842105263157895,2.38150447009843,101
edge_minus_core_resid_speed,19,1468,0.11038245306677641,0.6842105263157895,0.04940392700388735,0.6842105263157895,-0.07019425878987204,0.631578947368421,0.04787327312666125,0.631578947368421,0.002166776168223205,0.5263157894736842,1.5725282233865958,101
edge_minus_core_resid_speed,19,1467,-0.016019863672772236,0.5263157894736842,-0.06166425404579012,0.5789473684210527,0.026630637605561502,0.5789473684210527,0.002807428186119121,0.5263157894736842,0.0009975687314712767,0.5263157894736842,0.6015576461236013,102
edge_minus_core_resid_tangential,19,1467,0.046554645279588414,0.5789473684210527,-0.04381596461585158,0.5263157894736842,-0.043305347175261355,0.631578947368421,-0.027621636911991487,0.5263157894736842,-0.06514346483452653,0.6842105263157895,1.0750322608239764,102
edge_minus_core_resid_tangential,19,1468,-0.10406123895063454,0.5263157894736842,-0.027510343786363342,0.5263157894736842,-0.042748180676493996,0.7368421052631579,-0.07090658819363566,0.631578947368421,-0.07186348239384645,0.631578947368421,2.434284624605202,103
edge_minus_core_resid_speed,19,1468,-0.05563210105374834,0.7368421052631579,0.018985084906860475,0.5263157894736842,-0.054434442510532643,0.631578947368421,-0.04160362640963508,0.5789473684210527,-8.250576126472842e-05,0.5263157894736842,1.0220018519154295,103
edge_minus_core_resid_tangential,19,1467,-0.005299934437249338,0.5263157894736842,0.046027509797356175,0.5263157894736842,0.05709355530197396,0.6842105263157895,-0.012589025068811162,0.5263157894736842,0.010036987881763798,0.5263157894736842,0.0928289438136654,104
edge_minus_core_resid_speed,19,1467,0.09195519776675187,0.7368421052631579,-0.01795532952898693,0.5789473684210527,0.04869951758185154,0.631578947368421,0.008966767428800163,0.5263157894736842,-0.06755637689547025,0.5789473684210527,1.8882157839078901,104
edge_minus_core_resid_tangential,19,1470,0.017876679894379716,0.5263157894736842,-0.04123665124598441,0.5263157894736842,-0.07615879043592216,0.631578947368421,0.02101985436076842,0.5263157894736842,-0.028399736092736577,0.5263157894736842,0.234729041678001,105
edge_minus_core_resid_speed,19,1470,-0.10464260152135242,0.6842105263157895,-0.017000980793021522,0.5263157894736842,-0.09024921917957794,0.6842105263157895,0.011594973906717987,0.5789473684210527,-0.03843261740160875,0.5263157894736842,1.1594848406736298,105
edge_minus_core_resid_speed,19,1468,0.03562301743094287,0.5789473684210527,-0.003992556185990259,0.5263157894736842,0.0019272743803967762,0.5263157894736842,-0.05770739298884531,0.6842105263157895,-0.02669407886419045,0.5263157894736842,18.483625265443006,106
edge_minus_core_resid_tangential,19,1468,0.04786700831775753,0.6842105263157895,-0.034891645920342995,0.5263157894736842,-0.055467120432017625,0.5789473684210527,-0.018064790028853972,0.5789473684210527,-0.06290931475871502,0.5789473684210527,0.8629798688833136,106
edge_minus_core_resid_speed,19,1470,0.01687205611239223,0.5263157894736842,-0.05582042978915669,0.5789473684210527,-0.002042244122197251,0.5789473684210527,0.01619338394279471,0.5263157894736842,0.0372472320313094,0.631578947368421,8.261527566175381,107
edge_minus_core_resid_tangential,19,1470,-0.044883421019496356,0.6842105263157895,-0.1555860598493263,0.631578947368421,-0.03440835222529104,0.5789473684210527,-0.01388139110824782,0.5263157894736842,0.03909576547314125,0.5789473684210527,1.3044338980727437,107
edge_minus_core_resid_speed,19,1470,-0.005487429926464227,0.5263157894736842,-0.03751662271944442,0.5789473684210527,0.029237892576029934,0.5263157894736842,-0.04369258274157162,0.5789473684210527,-0.042957507069615763,0.5789473684210527,0.1876821290110006,108
edge_minus_core_resid_tangential,19,1470,0.028691894168497087,0.5263157894736842,0.021220737247391902,0.631578947368421,-0.06302912433398494,0.631578947368421,-0.0011689903064622809,0.5263157894736842,-0.090918237775901,0.6842105263157895,0.4552164490888632,108
edge_minus_core_resid_tangential,19,1466,-0.12057493325300919,0.6842105263157895,-0.05153017635850039,0.5789473684210527,0.019101068501853447,0.631578947368421,-0.0749665989771734,0.631578947368421,0.08157628947739914,0.7368421052631579,6.312470595103586,109
edge_minus_core_resid_speed,19,1466,-0.13972238129629122,0.6842105263157895,-0.027045499858036004,0.5263157894736842,-0.015179480970167414,0.5263157894736842,-0.028761739929802313,0.6842105263157895,0.11949394219832397,0.7368421052631579,9.204687668233905,109
edge_minus_core_resid_speed,19,1468,0.05023204603113155,0.8421052631578947,0.06255473017379759,0.5789473684210527,0.07720125128471432,0.631578947368421,0.07294063219607637,0.6842105263157895,-0.08770168226636843,0.6842105263157895,0.6506636252031499,110
edge_minus_core_resid_tangential,19,1468,-0.003667901073413693,0.5263157894736842,0.0022855376665200725,0.5263157894736842,-0.0303094910084738,0.5263157894736842,-0.031727503855633415,0.5789473684210527,0.026600739827562673,0.5263157894736842,0.1210149346417014,110
edge_minus_core_resid_speed,19,1470,-0.01751460050892748,0.5263157894736842,0.009173271626650568,0.5789473684210527,0.006791712793834857,0.5263157894736842,0.04482084009808057,0.5789473684210527,0.03510356381748024,0.5789473684210527,2.578819370104441,111
edge_minus_core_resid_tangential,19,1470,0.014772570199204249,0.5263157894736842,-0.03691132565410288,0.631578947368421,-0.04267241335985006,0.631578947368421,0.04179608349774694,0.631578947368421,-0.05330081068028014,0.6842105263157895,0.34618548697092383,111
edge_minus_core_resid_speed,19,1465,0.0976993654234925,0.7894736842105263,0.1307094187369498,0.7894736842105263,0.01849288391438375,0.5263157894736842,0.0371404984595973,0.631578947368421,-0.09393063354588888,0.6842105263157895,5.283078933270219,112
edge_minus_core_resid_tangential,19,1465,0.09701289442990163,0.7368421052631579,-0.021447715176181367,0.5263157894736842,-0.007368809613255478,0.5263157894736842,-0.004973886325265103,0.5789473684210527,-0.12383890111235002,0.8421052631578947,13.165341421684818,112
edge_minus_core_resid_speed,19,1467,-0.06950023798164834,0.631578947368421,-0.04628736374088227,0.5263157894736842,0.03632019326290198,0.631578947368421,0.025815590844546113,0.5263157894736842,-0.02135809912658798,0.5789473684210527,1.9135426256841255,113
edge_minus_core_resid_tangential,19,1467,0.056230263895349804,0.5789473684210527,-0.009999168750881693,0.5263157894736842,0.007141657873410076,0.5263157894736842,-0.010721876679714401,0.5263157894736842,-0.04390802368937864,0.5789473684210527,7.873558897956612,113
edge_minus_core_resid_speed,19,1465,0.05252685843644139,0.631578947368421,0.04534134008856652,0.5789473684210527,0.06287525956498492,0.5789473684210527,-0.06423189570915006,0.6842105263157895,0.015243842886270426,0.5263157894736842,0.835413782779729,114
edge_minus_core_resid_tangential,19,1465,0.0189245804921626,0.631578947368421,0.06828510799201354,0.5789473684210527,0.007242562462244556,0.5263157894736842,-0.04926042193239946,0.5263157894736842,0.06608955794719693,0.631578947368421,2.612967522312213,114
edge_minus_core_resid_speed,19,1468,0.09577905823995653,0.631578947368421,0.005170806422336027,0.5263157894736842,0.0011591720684791529,0.5263157894736842,0.02997924750756975,0.631578947368421,-0.01791387986911316,0.5789473684210527,82.62712745107787,115
edge_minus_core_resid_tangential,19,1468,-0.02460000567729101,0.5263157894736842,-0.016245437992371756,0.5789473684210527,-0.006826510756637122,0.5263157894736842,0.037757648458822055,0.5789473684210527,0.017758510653722498,0.5263157894736842,3.6035987570038595,115
edge_minus_core_resid_tangential,19,1466,-0.013998901798264018,0.5263157894736842,0.1152293348899489,0.5789473684210527,0.03516641737415459,0.6842105263157895,0.025910796545839665,0.631578947368421,-0.0152264122805994,0.5263157894736842,0.39807585883208146,116
edge_minus_core_resid_speed,19,1466,-0.007745741493539432,0.5263157894736842,0.02111199374062942,0.631578947368421,0.03005032548660616,0.5263157894736842,0.0809256395429935,0.6842105263157895,-0.08772962643480728,0.6842105263157895,0.25775898823431426,116
edge_minus_core_resid_speed,19,1465,-0.06437063937025786,0.5789473684210527,-0.028900424616743442,0.5789473684210527,0.011897970634461075,0.5789473684210527,-0.013037313940191059,0.631578947368421,0.05245342432313138,0.631578947368421,5.410220057512654,117
edge_minus_core_resid_tangential,19,1465,0.014546905083476253,0.5263157894736842,0.0018479940349141466,0.5263157894736842,-0.015342417145174592,0.5789473684210527,-0.03628326426099927,0.5789473684210527,-0.004204839836018104,0.5263157894736842,0.9481494959906928,117
edge_minus_core_resid_speed,19,1469,0.025204817982292516,0.5263157894736842,0.07247576330958722,0.631578947368421,-0.011413773064421678,0.5789473684210527,0.03487914637222325,0.5789473684210527,-0.11959954388446131,0.631578947368421,2.208280981234807,118
edge_minus_core_resid_tangential,19,1469,0.006629789963498431,0.5263157894736842,-0.0072027894630025124,0.5789473684210527,-0.055684012893276735,0.5789473684210527,0.012865612666055348,0.5263157894736842,0.0006218262794425791,0.5263157894736842,0.11906092285778687,118
edge_minus_core_resid_speed,19,1468,-0.0069578659656452865,0.5263157894736842,-0.02186061517299087,0.5789473684210527,0.008212618293787173,0.5263157894736842,-0.08479949249307114,0.7368421052631579,0.019405539276091427,0.5263157894736842,0.8472165290950995,119
edge_minus_core_resid_tangential,19,1468,-0.03535150000196251,0.5789473684210527,-0.006947228947841583,0.631578947368421,-0.00604880466551245,0.5263157894736842,-0.10205556563245352,0.7894736842105263,0.011402081823103094,0.5263157894736842,5.844377849316374,119
edge_minus_core_resid_speed,19,1469,-0.03200585467990877,0.5789473684210527,0.06071585571312162,0.5263157894736842,0.04086354899501237,0.5263157894736842,-0.05330289853545242,0.5263157894736842,0.03880823998400011,0.6842105263157895,0.7832372729988594,120
edge_minus_core_resid_tangential,19,1469,-0.0204388563313924,0.5263157894736842,-0.04763411275452481,0.631578947368421,0.00027427161600540595,0.5263157894736842,-0.01758989280790403,0.5789473684210527,0.04819794273177593,0.6842105263157895,74.52049406012742,120
edge_minus_core_resid_speed,19,1468,-0.04807720857676112,0.5263157894736842,-0.01677800672654567,0.5789473684210527,-0.009356080507135822,0.631578947368421,0.023194540549170917,0.5789473684210527,0.03887287914691029,0.5789473684210527,5.138605694990861,121
edge_minus_core_resid_tangential,19,1468,-0.08648687082019957,0.5263157894736842,-0.08569000853050175,0.5789473684210527,-0.11932255621568741,0.7368421052631579,-0.03931714602507816,0.5789473684210527,-0.01670612799423629,0.631578947368421,0.7248157730032697,121
edge_minus_core_resid_tangential,19,1468,0.077703951163941,0.631578947368421,-0.023704305284539262,0.631578947368421,-0.019898084423140616,0.5263157894736842,0.04079228836024223,0.5789473684210527,-0.024108740343072463,0.5263157894736842,3.9050970692221334,122
edge_minus_core_resid_speed,19,1468,0.07599272143562125,0.6842105263157895,-0.06960091268619167,0.631578947368421,-0.026765805302664245,0.5789473684210527,0.02983326540893816,0.5789473684210527,-0.07006184438340189,0.7368421052631579,2.8391718678480036,122
edge_minus_core_resid_speed,19,1466,0.036385357941430656,0.5789473684210527,0.05633406569926164,0.5263157894736842,0.074630302411278,0.6842105263157895,0.027280499619395215,0.631578947368421,-0.057634925717842844,0.5789473684210527,0.4875413440095101,123
edge_minus_core_resid_tangential,19,1466,0.04342072592769336,0.5789473684210527,-0.034154050264752045,0.5263157894736842,0.010321998208666458,0.5263157894736842,0.018553213863818592,0.631578947368421,0.004399906908960138,0.5263157894736842,4.2066201766279,123
edge_minus_core_resid_tangential,19,1467,-0.08879269383203851,0.6842105263157895,-0.05120754166099528,0.7368421052631579,-0.0013431456664542152,0.5263157894736842,-0.02721208247133068,0.631578947368421,0.026605253256293454,0.6842105263157895,66.10801497535506,124
edge_minus_core_resid_speed,19,1467,0.032945921510238785,0.5263157894736842,0.008154764618487222,0.5789473684210527,-0.10003787273240897,0.7368421052631579,0.011425167326061442,0.5263157894736842,-0.06633688710475674,0.631578947368421,0.3293344871333454,124
edge_minus_core_resid_tangential,19,1463,0.06092387972475384,0.631578947368421,0.03100653342770864,0.631578947368421,0.025752623506666877,0.5263157894736842,-0.015123263243340443,0.5263157894736842,-0.04141678352280688,0.5789473684210527,2.365734881690084,125
edge_minus_core_resid_speed,19,1463,0.10787723584152281,0.631578947368421,0.07867362624041274,0.631578947368421,-0.011654021082473043,0.5263157894736842,0.08238627500901113,0.631578947368421,-0.1579275276412765,0.7894736842105263,9.2566535685922,125
edge_minus_core_resid_speed,19,1466,0.04644985221440867,0.5789473684210527,0.06386894539304036,0.5263157894736842,0.0032163698183886313,0.5263157894736842,0.01708058776480248,0.5263157894736842,0.014558925507564421,0.5263157894736842,14.441701308364962,126
edge_minus_core_resid_tangential,19,1466,-0.010357130483982093,0.5789473684210527,-0.0003285911860026157,0.5263157894736842,-0.0018169500495734156,0.5263157894736842,0.05256291254168283,0.631578947368421,0.03879735755093493,0.631578947368421,5.7002835528768365,126
edge_minus_core_resid_tangential,19,1469,-0.033965509151711315,0.5263157894736842,-0.032478960434240485,0.6842105263157895,-0.04185555399947,0.7368421052631579,-0.003766234522970313,0.5263157894736842,-0.03364478782587968,0.5263157894736842,0.8114934795067199,127
edge_minus_core_resid_speed,19,1469,-0.03645796940315413,0.5789473684210527,-0.040148387472460925,0.7368421052631579,-0.0423328656117363,0.631578947368421,0.040814680035118844,0.5789473684210527,-0.027558955034280685,0.6842105263157895,0.861221390905476,127
edge_minus_core_resid_speed,19,1465,-0.04486579827844024,0.631578947368421,0.021008955744867608,0.6842105263157895,0.04972257596973015,0.5789473684210527,-0.008171222068141692,0.5789473684210527,0.04767377882911314,0.7368421052631579,0.902322484373163,128
edge_minus_core_resid_tangential,19,1465,-0.03928804655638851,0.5263157894736842,0.0956473854186216,0.6842105263157895,0.03797987053898627,0.5263157894736842,0.07095091667219919,0.6842105263157895,0.06579603291885444,0.631578947368421,1.0344439303988517,128
edge_minus_core_resid_speed,19,1465,0.016640769919856746,0.5263157894736842,0.02805438098344301,0.5789473684210527,0.02828182778942767,0.5263157894736842,0.025266702688298934,0.631578947368421,0.024674279880615498,0.5263157894736842,0.5883908933947122,129
edge_minus_core_resid_tangential,19,1465,0.10912973222841943,0.5789473684210527,0.01462441519360047,0.5789473684210527,0.011615101710922296,0.5263157894736842,0.012605480544591811,0.631578947368421,0.0287327160648346,0.5263157894736842,9.395503797078158,129
edge_minus_core_resid_speed,19,1465,0.056253058307858456,0.631578947368421,0.056625379515352264,0.5789473684210527,0.10009378825720426,0.8421052631578947,0.01762724161781759,0.5789473684210527,-0.004585788166026367,0.5263157894736842,0.562003489800074,130
edge_minus_core_resid_tangential,19,1465,0.1499676990257345,0.631578947368421,0.047376626144174996,0.5263157894736842,0.04796502657987607,0.5789473684210527,0.010496779654806276,0.631578947368421,-0.00041247241350483854,0.5263157894736842,3.126605147940314,130
edge_minus_core_resid_tangential,19,1465,0.02939079766047782,0.5789473684210527,-0.10502006214400514,0.5789473684210527,0.037925305222210826,0.5789473684210527,-0.002433363277958775,0.5263157894736842,0.03839842136354071,0.5263157894736842,0.7749653559350974,131
edge_minus_core_resid_speed,19,1465,-0.10365913486922794,0.7368421052631579,-0.01900258422584067,0.5263157894736842,-0.019435058300467434,0.5789473684210527,-0.015661911620301727,0.5263157894736842,0.07402669323276932,0.5263157894736842,5.3336158434232654,131
edge_minus_core_resid_tangential,19,1469,0.011842471982453195,0.5263157894736842,-0.033471999864577065,0.5263157894736842,0.03411388232220376,0.631578947368421,0.04120725413754778,0.5789473684210527,-0.0030757616519100917,0.5263157894736842,0.34714524341151476,132
edge_minus_core_resid_speed,19,1469,-0.015328088043948834,0.5263157894736842,0.017029734624098042,0.6842105263157895,-0.007756324830429956,0.5789473684210527,0.03454631565813603,0.631578947368421,-0.0017582687263988928,0.5263157894736842,1.9762050170736793,132
edge_minus_core_resid_tangential,19,1468,-0.019840419363734596,0.5789473684210527,0.030799503425164354,0.5789473684210527,-0.0035723579460080757,0.5263157894736842,0.046899941760792624,0.631578947368421,-0.016981162510088854,0.5263157894736842,5.553872166115166,133
edge_minus_core_resid_speed,19,1468,-0.014366734058478603,0.5263157894736842,-0.04747335197816856,0.5789473684210527,-0.013417881604894655,0.5789473684210527,0.076291308943626,0.631578947368421,-0.07783630344277014,0.5789473684210527,1.0707155184047696,133
edge_minus_core_resid_tangential,19,1471,-0.044704604039675216,0.631578947368421,-0.016823880520520695,0.5789473684210527,0.02191490197769025,0.5263157894736842,-0.002088880488763614,0.5263157894736842,0.06463293605903611,0.631578947368421,2.0399180468699005,134
edge_minus_core_resid_speed,19,1471,-0.07182242482433171,0.5789473684210527,0.025232757332605465,0.5263157894736842,-0.019279619537311367,0.5263157894736842,-0.0017570872045718777,0.5263157894736842,0.05703653502683223,0.631578947368421,3.725303016760033,134
edge_minus_core_resid_tangential,19,1466,0.06097208131951265,0.5789473684210527,0.052147453974639414,0.5789473684210527,0.06740417602993287,0.5789473684210527,0.028534650972090875,0.631578947368421,-0.029030057675174803,0.631578947368421,0.9045742402137835,135
edge_minus_core_resid_speed,19,1466,-0.00021465243779572596,0.5263157894736842,0.045998389067528955,0.5789473684210527,0.009976593579372528,0.5263157894736842,0.019396609498545152,0.5263157894736842,0.07699169260472988,0.5789473684210527,0.02151560410755215,135
edge_minus_core_resid_tangential,19,1464,0.0010683282552366724,0.5263157894736842,-0.11872305552632761,0.7368421052631579,-0.011462705423289227,0.5263157894736842,0.10008787039154311,0.6842105263157895,0.0177663969473101,0.5789473684210527,0.0932003585354386,136
edge_minus_core_resid_speed,19,1464,-0.02284951789954137,0.5789473684210527,-0.0906333868148203,0.6842105263157895,-0.033708844192509524,0.5789473684210527,0.05733980374964315,0.631578947368421,-0.063380976215477,0.7368421052631579,0.6778493433073207,136
edge_minus_core_resid_tangential,19,1466,-0.05869562621115296,0.5789473684210527,-0.030235369176471127,0.5263157894736842,0.01707668954097319,0.5263157894736842,-0.014262432624012222,0.5789473684210527,0.015913839754330972,0.5263157894736842,3.4371782698467874,137
edge_minus_core_resid_speed,19,1466,-0.05918563264130755,0.5263157894736842,-0.02712582310431777,0.631578947368421,-0.03850106397907396,0.5263157894736842,0.020368183420128944,0.5263157894736842,0.006742439419632838,0.5263157894736842,1.537246676441878,137
edge_minus_core_resid_tangential,19,1470,0.06036573649276198,0.5789473684210527,0.03433255654236445,0.5263157894736842,0.07561109948624423,0.6842105263157895,-0.09894996685405386,0.631578947368421,0.027952892453271372,0.6842105263157895,0.7983713621800222,138
edge_minus_core_resid_speed,19,1470,-0.06272753620409668,0.5263157894736842,0.08942839116500287,0.7368421052631579,0.04770730180346283,0.7368421052631579,-0.04057734282362094,0.6842105263157895,0.10962904698760967,0.5789473684210527,1.314841414895185,138
edge_minus_core_resid_speed,19,1467,0.06081553001600264,0.5789473684210527,0.0024618779038827754,0.5263157894736842,0.03264896101697155,0.5789473684210527,0.017780063983881683,0.5789473684210527,-0.08180497256255953,0.631578947368421,1.862709505040285,139
edge_minus_core_resid_tangential,19,1467,0.005869198748449322,0.5263157894736842,0.04173057917966297,0.6842105263157895,-0.0009599585737181948,0.5263157894736842,0.0638336141130223,0.6842105263157895,0.043080006751294087,0.5263157894736842,6.114012530474344,139
edge_minus_core_resid_tangential,19,1466,-0.03089518280627579,0.5263157894736842,-0.09338403491627947,0.5789473684210527,-0.009284074019366872,0.5263157894736842,-0.05537520009842878,0.6842105263157895,0.06076735904328437,0.631578947368421,3.3277613622885234,140
edge_minus_core_resid_speed,19,1466,-0.06925934598615689,0.5789473684210527,-0.02906754343599159,0.631578947368421,-0.08283169202673978,0.5789473684210527,-0.0799983035241576,0.6842105263157895,0.015510665702859555,0.5263157894736842,0.8361454932466977,140
edge_minus_core_resid_speed,19,1468,-0.04933755725473028,0.5789473684210527,0.001577041741857077,0.5263157894736842,0.04216505309726423,0.631578947368421,-0.029840691147037718,0.5789473684210527,0.008191657954259357,0.5263157894736842,1.1701054221589826,141
edge_minus_core_resid_tangential,19,1468,0.008296693100568214,0.5263157894736842,0.015072861240612606,0.5789473684210527,-0.011721410661079068,0.5789473684210527,0.00961064689438726,0.5263157894736842,0.03729606733236411,0.5263157894736842,0.7078237714268791,141
edge_minus_core_resid_speed,19,1468,-0.019909073346479213,0.5263157894736842,-0.004401612781683828,0.5263157894736842,0.00025866463050815136,0.5263157894736842,-0.1213029443599794,0.5263157894736842,0.10291733907209563,0.631578947368421,76.96867293903877,142
edge_minus_core_resid_tangential,19,1468,-0.05756110182872097,0.6842105263157895,-0.02342773388474384,0.631578947368421,-0.03670076431365821,0.5263157894736842,0.015184447205290302,0.5263157894736842,-0.03999507481018316,0.5263157894736842,1.568389729891799,142
edge_minus_core_resid_tangential,19,1466,0.07429771047676786,0.5789473684210527,0.03682813083032899,0.6842105263157895,0.05265125762384385,0.631578947368421,0.0862071573336429,0.7894736842105263,-0.0769972222713862,0.5789473684210527,1.411128885231435,143
edge_minus_core_resid_speed,19,1466,0.02539090091074773,0.5789473684210527,0.03635179460590489,0.5789473684210527,0.03455940570177976,0.631578947368421,-0.014043533026113483,0.5263157894736842,-0.0532082290114051,0.6842105263157895,0.7347030539197071,143
edge_minus_core_resid_tangential,19,1469,-0.02035472449469497,0.5263157894736842,0.06821611907500094,0.631578947368421,0.019597804144124598,0.5789473684210527,-0.02239951200493434,0.5263157894736842,0.08972812794617506,0.631578947368421,1.0386227122693894,144
edge_minus_core_resid_speed,19,1469,0.008151652745819471,0.631578947368421,0.006867290075080745,0.5263157894736842,-0.030342636730637917,0.5789473684210527,-0.0003825632858970307,0.5263157894736842,0.03884932510294076,0.7368421052631579,0.2686534073549544,144
edge_minus_core_resid_tangential,19,1464,0.015302098777297768,0.5789473684210527,0.06412676617766272,0.5789473684210527,0.04394523554857688,0.6842105263157895,0.02970690075526267,0.631578947368421,-0.04337560796531939,0.5263157894736842,0.34820836858145615,145
edge_minus_core_resid_speed,19,1464,0.06344655227473772,0.7368421052631579,0.028147762525325474,0.631578947368421,0.04226710843182557,0.631578947368421,-0.018969376257116782,0.5263157894736842,0.028335279551767845,0.631578947368421,1.5010857053794768,145
edge_minus_core_resid_tangential,19,1470,-0.006588639319652367,0.631578947368421,-0.042308278706411406,0.5263157894736842,0.03079502277641595,0.631578947368421,0.07805746858553526,0.7368421052631579,0.03951327532633738,0.5263157894736842,0.2139514351877086,146
edge_minus_core_resid_speed,19,1470,-0.01502166559448067,0.5789473684210527,-0.07045227344522553,0.6842105263157895,-0.029104218934546622,0.6842105263157895,-0.005911841614855473,0.5263157894736842,-0.07238355631288401,0.5789473684210527,0.5161336103285699,146
edge_minus_core_resid_tangential,19,1467,0.11721817000657357,0.7894736842105263,0.03411206307502872,0.6842105263157895,0.06729484283545559,0.7894736842105263,-0.019741262290949302,0.5263157894736842,-0.03688150731522283,0.631578947368421,1.7418596294694801,147
edge_minus_core_resid_speed,19,1467,0.15936266753048203,0.6842105263157895,0.033414109275176185,0.5789473684210527,0.022811487435966143,0.5789473684210527,-0.050723549365122855,0.631578947368421,-0.03946866955518712,0.631578947368421,6.986070854775564,147
edge_minus_core_resid_speed,19,1468,0.00948912366819775,0.5263157894736842,0.11503609559182082,0.631578947368421,-0.014942954034692743,0.631578947368421,0.02027626914565661,0.631578947368421,-0.021677039128753017,0.6842105263157895,0.635023278942507,148
edge_minus_core_resid_tangential,19,1468,0.01822476852298746,0.5263157894736842,0.03047314213023844,0.5789473684210527,-0.02764620620136249,0.5789473684210527,-0.006618170139183421,0.5263157894736842,-0.06227564137601528,0.5263157894736842,0.6592140849361563,148
edge_minus_core_resid_speed,19,1469,0.06879170339134243,0.631578947368421,0.12546861316580937,0.631578947368421,-0.01608755159606612,0.5789473684210527,0.025226793103771905,0.631578947368421,-0.02326836641186203,0.5789473684210527,4.276082844586744,149
edge_minus_core_resid_tangential,19,1469,0.08194733591133926,0.631578947368421,-0.03014375711756583,0.5789473684210527,-0.0314393284972565,0.5263157894736842,0.08575583330870873,0.6842105263157895,-0.11437394565087963,0.7368421052631579,2.6065230979246348,149
edge_minus_core_resid_speed,19,1465,-0.006595362574426777,0.5263157894736842,-0.11037144862601542,0.6842105263157895,-0.01551674010930516,0.5263157894736842,0.03536204731073539,0.631578947368421,0.014533331465425042,0.5263157894736842,0.42504820780439806,150
edge_minus_core_resid_tangential,19,1465,-0.04651121766662397,0.5789473684210527,-0.050919574243682625,0.6842105263157895,-0.039498890917948656,0.6842105263157895,0.01595298696501274,0.5789473684210527,0.001852127172866258,0.5263157894736842,1.177532244215213,150
edge_minus_core_resid_tangential,19,1469,0.02408323594544365,0.5263157894736842,0.025752886756623072,0.5789473684210527,-0.022947175029326777,0.5789473684210527,-0.014554584034524365,0.5263157894736842,-0.007312210988873739,0.5263157894736842,1.0495076589891772,151
edge_minus_core_resid_speed,19,1469,-0.031121479295882215,0.5263157894736842,-0.10252502881593911,0.7368421052631579,-0.03659938186762457,0.631578947368421,0.03192876040694448,0.5263157894736842,0.0704312183657895,0.631578947368421,0.8503280030369024,151
edge_minus_core_resid_speed,19,1467,0.05020250406119993,0.7368421052631579,0.059291739442832586,0.7894736842105263,0.09715631355922208,0.631578947368421,-0.04287316944423671,0.5263157894736842,0.08458595823273263,0.5789473684210527,0.5167189060811654,152
edge_minus_core_resid_tangential,19,1467,0.048378108878723486,0.631578947368421,0.03477948893447874,0.6842105263157895,0.036466064351227345,0.631578947368421,-0.039133196073985854,0.631578947368421,0.03152463378543136,0.5263157894736842,1.3266610954438032,152
edge_minus_core_resid_speed,19,1465,-0.048672697257686776,0.631578947368421,-0.06469384553770555,0.6842105263157895,-0.04737824118256411,0.5263157894736842,0.03244012886846753,0.631578947368421,0.05132269191728506,0.631578947368421,1.0273217418547618,153
edge_minus_core_resid_tangential,19,1465,-0.10155892995387672,0.6842105263157895,-0.04727702424766794,0.5263157894736842,-0.0474961853051384,0.631578947368421,-0.013415890285345344,0.5263157894736842,-0.01819488292555424,0.5789473684210527,2.1382544577298828,153
edge_minus_core_resid_speed,19,1466,0.06132295213212324,0.5789473684210527,0.01634418227228428,0.5263157894736842,0.0663282206377593,0.631578947368421,0.01382944032936409,0.5263157894736842,0.056839133586684965,0.5789473684210527,0.9245378745651642,154
edge_minus_core_resid_tangential,19,1466,-0.05901654379642679,0.631578947368421,-0.10098715806814167,0.631578947368421,0.028598204770105634,0.5263157894736842,0.03616576647605972,0.5789473684210527,0.09991276521540327,0.6842105263157895,2.0636450529271735,154
edge_minus_core_resid_tangential,19,1466,-0.03503675717983285,0.6842105263157895,-0.050160323804127716,0.5263157894736842,-0.012745953018272332,0.5263157894736842,-0.08923180749813191,0.631578947368421,0.05640409328912617,0.5263157894736842,2.748853469772318,155
edge_minus_core_resid_speed,19,1466,-0.03703143254541823,0.631578947368421,0.006617191614609802,0.5263157894736842,-0.06749875289603058,0.631578947368421,0.022318217854474232,0.5789473684210527,-0.0031434458451051195,0.5263157894736842,0.5486239516522379,155
edge_minus_core_resid_speed,19,1468,-0.015747271472442335,0.5263157894736842,-0.11334277225026214,0.6842105263157895,0.037533173611971685,0.631578947368421,-0.02048060166201311,0.5789473684210527,0.013703636935537639,0.5263157894736842,0.4195560875091986,156
edge_minus_core_resid_tangential,19,1468,-0.0377775219545103,0.5789473684210527,-0.04880653076440988,0.631578947368421,0.013066983454613323,0.5789473684210527,-0.05995248237287218,0.5789473684210527,0.025221551933292063,0.5263157894736842,2.891066793321214,156
edge_minus_core_resid_tangential,19,1463,-0.08530749744658161,0.631578947368421,-0.02476928741766629,0.631578947368421,0.00026690416984542775,0.5263157894736842,0.05279045499520463,0.5263157894736842,0.0724588839305347,0.7368421052631579,319.6184514314098,157
edge_minus_core_resid_speed,19,1463,0.02270490045128204,0.6842105263157895,-0.04854099668977759,0.5263157894736842,-0.03417449925288141,0.5263157894736842,-0.009665624985613963,0.5263157894736842,0.02689106755065418,0.5263157894736842,0.6643813646916183,157
edge_minus_core_resid_speed,19,1469,0.009944845641618932,0.5789473684210527,-0.041013268143060194,0.631578947368421,0.005357753173818869,0.5263157894736842,-0.009194650836003071,0.5263157894736842,0.027178587135163364,0.5789473684210527,1.8561597219922883,158
edge_minus_core_resid_tangential,19,1469,0.17820902283535156,0.5789473684210527,0.024262935218148846,0.5263157894736842,-0.01177402726153199,0.5789473684210527,0.045548673180045185,0.631578947368421,-0.04690004567916717,0.631578947368421,15.135774605991841,158
edge_minus_core_resid_speed,19,1469,0.005204083562654532,0.5789473684210527,0.008587777385583169,0.5263157894736842,0.029580230391106355,0.631578947368421,-0.01146245156957722,0.5263157894736842,0.05105223209979651,0.5789473684210527,0.17593113690619536,159
edge_minus_core_resid_tangential,19,1469,-0.09003484141932575,0.5789473684210527,0.03213580622755441,0.5263157894736842,-0.0344511255903427,0.631578947368421,-0.0078947810345254,0.5263157894736842,-0.014317041770750605,0.5789473684210527,2.6134078314284226,159
edge_minus_core_resid_tangential,19,1468,0.10133570627032557,0.6842105263157895,0.10229684163989751,0.7368421052631579,0.035382914194078546,0.631578947368421,0.02424733392776854,0.5263157894736842,0.04706693363164885,0.5789473684210527,2.8639728687832178,160
edge_minus_core_resid_speed,19,1468,0.05798955796776388,0.6842105263157895,0.09504079187168109,0.6842105263157895,-0.0010965579011886911,0.5263157894736842,-0.0067253175761023964,0.5789473684210527,-0.05924370983949828,0.631578947368421,52.88326125314679,160
