ob,variable,phase,event_type,n_events,real_phase_median_z,null_phase_median_z,event_minus_null_z,p_null_abs_excess_ge_real_abs_excess,event_type_gate
2,all_tangential,near_pre,low_to_high,21,-0.3440778719488674,-0.05081291688764156,-0.29326495506122585,0.1,True
2,all_tangential,near_pre,high_to_low,22,0.29789715151051877,-0.028251722398529223,0.326148873909048,0.1,True
2,all_tangential,near_post,low_to_high,21,0.207987304438787,0.004156176989032645,0.20383112744975435,0.125,True
2,all_tangential,near_post,high_to_low,22,0.07865629131884316,0.017722692376671206,0.06093359894217196,0.675,False
2,shell_edge_minus_core,near_pre,low_to_high,21,-0.2923910536341912,-0.0075797128833504646,-0.28481134075084075,0.05,True
2,shell_edge_minus_core,near_pre,high_to_low,22,-0.21113644309333737,0.024902828402950734,-0.23603927149628812,0.1,True
2,shell_edge_minus_core,near_post,low_to_high,21,0.19692276312678209,-0.03194471784150589,0.22886748096828796,0.05,True
2,shell_edge_minus_core,near_post,high_to_low,22,-0.002741823957020724,0.007045316062343241,-0.009787140019363965,0.925,False
2,shell_core_tangential,near_pre,low_to_high,21,0.035550634131115144,-0.06072757611092092,0.09627821024203606,0.5,False
2,shell_core_tangential,near_pre,high_to_low,22,0.08323005807053035,0.01817442133139189,0.06505563673913847,0.675,False
2,shell_core_tangential,near_post,low_to_high,21,-0.27387371355414264,0.011123870476177508,-0.28499758403032016,0.075,True
2,shell_core_tangential,near_post,high_to_low,22,0.18424033802629455,0.019974808460337116,0.16426552956595744,0.1,True
2,shell_middle_tangential,near_pre,low_to_high,21,-0.003586325017232328,0.0591225004657209,-0.06270882548295323,0.75,False
2,shell_middle_tangential,near_pre,high_to_low,22,0.062131304600116476,0.01134114461505575,0.05079015998506073,0.75,False
2,shell_middle_tangential,near_post,low_to_high,21,0.4360407954422945,0.03612993382183484,0.3999108616204597,0.0,True
2,shell_middle_tangential,near_post,high_to_low,22,0.04983894347993808,0.041937141379771684,0.007901802100166395,1.0,False
2,shell_edge_tangential,near_pre,low_to_high,21,-0.2901815974079564,0.043939786780165704,-0.3341213841881221,0.05,True
2,shell_edge_tangential,near_pre,high_to_low,22,-0.03438995108594929,0.010840716871451415,-0.0452306679574007,0.775,False
2,shell_edge_tangential,near_post,low_to_high,21,0.22065112614875004,-0.017951577155050497,0.23860270330380054,0.025,True
2,shell_edge_tangential,near_post,high_to_low,22,-0.028296885747379152,0.010963083158768195,-0.039259968906147344,0.725,False
5,all_tangential,near_pre,low_to_high,48,-0.23595787647859567,0.012619073572576396,-0.24857695005117206,0.025,True
5,all_tangential,near_pre,high_to_low,45,0.2544403987054287,0.07802921948265742,0.1764111792227713,0.075,True
5,all_tangential,near_post,low_to_high,48,-0.03670894432922079,0.03051024122181214,-0.06721918555103293,0.5,False
5,all_tangential,near_post,high_to_low,45,-0.08255730146876476,0.005274695396007062,-0.08783199686477182,0.45,False
5,shell_edge_minus_core,near_pre,low_to_high,48,0.060864795129245,0.0019934874606669225,0.05887130766857808,0.6,False
5,shell_edge_minus_core,near_pre,high_to_low,45,0.06462318678942597,-0.03339117124316475,0.09801435803259072,0.55,False
5,shell_edge_minus_core,near_post,low_to_high,48,-0.2453930852777691,-0.011426407506281705,-0.23396667777148739,0.025,True
5,shell_edge_minus_core,near_post,high_to_low,45,0.007637874398363484,-0.009723402095257367,0.01736127649362085,0.925,False
5,shell_core_tangential,near_pre,low_to_high,48,-0.15981440179397738,-0.05355930604784358,-0.1062550957461338,0.35,False
5,shell_core_tangential,near_pre,high_to_low,45,0.1293790455647324,0.003007812040998068,0.12637123352373433,0.525,False
5,shell_core_tangential,near_post,low_to_high,48,0.1790299587111106,0.009325132041431549,0.16970482666967907,0.2,True
5,shell_core_tangential,near_post,high_to_low,45,-0.25582230374208903,-0.019131409161173937,-0.23669089458091508,0.15,True
5,shell_middle_tangential,near_pre,low_to_high,48,0.007023363471709886,-0.011727512074406749,0.018750875546116635,0.775,False
5,shell_middle_tangential,near_pre,high_to_low,45,0.5132321582768207,0.04950192337445161,0.4637302349023691,0.0,True
5,shell_middle_tangential,near_post,low_to_high,48,-0.15078513199198504,0.060668239357647306,-0.21145337134963235,0.15,True
5,shell_middle_tangential,near_post,high_to_low,45,-0.2280982161649828,0.030931278325007354,-0.25902949448999013,0.05,True
5,shell_edge_tangential,near_pre,low_to_high,48,-0.02489349644687968,0.0125375843951336,-0.037431080842013284,0.825,False
5,shell_edge_tangential,near_pre,high_to_low,45,0.17887050359813927,0.011112369224267393,0.16775813437387188,0.175,True
5,shell_edge_tangential,near_post,low_to_high,48,-0.10123120547525102,-0.004180652758069524,-0.09705055271718149,0.275,False
5,shell_edge_tangential,near_post,high_to_low,45,-0.014086285930700415,-0.05058193928220096,0.03649565335150055,0.65,False
7,all_tangential,near_pre,low_to_high,19,0.05897393290203223,-0.02321052507008762,0.08218445797211985,0.725,False
7,all_tangential,near_pre,high_to_low,14,0.029996464311067034,-0.024461235451122634,0.05445769976218967,0.75,False
7,all_tangential,near_post,low_to_high,19,0.23510894306735172,0.03498114154468154,0.20012780152267018,0.225,True
7,all_tangential,near_post,high_to_low,14,-0.08738165042621994,-0.037047899335116374,-0.050333751091103565,0.825,False
7,shell_edge_minus_core,near_pre,low_to_high,19,-0.11967461776054766,-0.033310585405332854,-0.08636403235521481,0.6,False
7,shell_edge_minus_core,near_pre,high_to_low,14,-0.011835103394408575,0.030570299092703722,-0.0424054024871123,0.775,False
7,shell_edge_minus_core,near_post,low_to_high,19,0.2781072841922059,0.022643418552562355,0.2554638656396435,0.15,True
7,shell_edge_minus_core,near_post,high_to_low,14,-0.11368190857203594,0.03246019785689046,-0.1461421064289264,0.275,False
7,shell_core_tangential,near_pre,low_to_high,19,0.18776616559572212,-0.04987134450525681,0.23763751010097894,0.225,True
7,shell_core_tangential,near_pre,high_to_low,14,0.2010633009985715,-0.06487781689153846,0.26594111789011,0.125,True
7,shell_core_tangential,near_post,low_to_high,19,0.05147086972677503,0.017026617279337228,0.034444252447437804,0.875,False
7,shell_core_tangential,near_post,high_to_low,14,0.05532908945080454,-0.028173038753300052,0.08350212820410459,0.625,False
7,shell_middle_tangential,near_pre,low_to_high,19,-0.07107210014614654,0.014782975637578973,-0.0858550757837255,0.55,False
7,shell_middle_tangential,near_pre,high_to_low,14,0.0447415391760613,0.0380863833984921,0.006655155777569199,1.0,False
7,shell_middle_tangential,near_post,low_to_high,19,0.2322040559626196,0.03169753331473761,0.200506522647882,0.2,True
7,shell_middle_tangential,near_post,high_to_low,14,-0.05855621003227154,0.07710750427325269,-0.13566371430552424,0.375,False
7,shell_edge_tangential,near_pre,low_to_high,19,-0.31063184596232896,-0.01862650886384054,-0.2920053370984884,0.15,True
7,shell_edge_tangential,near_pre,high_to_low,14,0.13456770140686694,0.07696478256864094,0.057602918838226005,0.625,False
7,shell_edge_tangential,near_post,low_to_high,19,0.3996468610360472,-0.019950329455081163,0.41959719049112837,0.025,True
7,shell_edge_tangential,near_post,high_to_low,14,-0.008224375406812999,-0.005553022157749429,-0.0026713532490635697,1.0,False
9,all_tangential,near_pre,low_to_high,17,-0.3946262181787149,-0.017131491890506653,-0.37749472628820824,0.075,True
9,all_tangential,near_pre,high_to_low,20,0.38307187064358245,0.033932883586971635,0.34913898705661084,0.025,True
9,all_tangential,near_post,low_to_high,17,0.28411101283193463,0.07091086452587324,0.21320014830606138,0.35,False
9,all_tangential,near_post,high_to_low,20,-0.22167124483378592,-0.04062614767611073,-0.1810450971576752,0.225,True
9,shell_edge_minus_core,near_pre,low_to_high,17,0.16715051063135483,0.044891383552815925,0.1222591270785389,0.55,False
9,shell_edge_minus_core,near_pre,high_to_low,20,-0.12618438504543172,-0.07428342697548908,-0.051900958069942646,0.675,False
9,shell_edge_minus_core,near_post,low_to_high,17,-0.1618176713421416,0.059418116992323675,-0.22123578833446528,0.175,True
9,shell_edge_minus_core,near_post,high_to_low,20,0.11146075243053158,-0.01742997580456778,0.12889072823509937,0.475,False
9,shell_core_tangential,near_pre,low_to_high,17,-0.3811733960154015,-0.015040373166747213,-0.3661330228486543,0.1,True
9,shell_core_tangential,near_pre,high_to_low,20,0.2740425558600193,0.0661934642283607,0.2078490916316586,0.4,False
9,shell_core_tangential,near_post,low_to_high,17,0.4943505273990694,-0.04112624773467692,0.5354767751337463,0.0,True
9,shell_core_tangential,near_post,high_to_low,20,-0.10464105378794152,-0.04009841830199656,-0.06454263548594495,0.75,False
9,shell_middle_tangential,near_pre,low_to_high,17,0.0594311833330266,0.01431183991424274,0.04511934341878386,0.85,False
9,shell_middle_tangential,near_pre,high_to_low,20,0.010485828594663292,-0.007930377186402783,0.018416205781066074,0.95,False
9,shell_middle_tangential,near_post,low_to_high,17,0.136435023551564,0.0653768194313357,0.0710582041202283,0.675,False
9,shell_middle_tangential,near_post,high_to_low,20,-0.05507254468457995,-0.012894737452206905,-0.04217780723237304,0.8,False
9,shell_edge_tangential,near_pre,low_to_high,17,0.1592262612801359,-0.02278690867312176,0.18201316995325767,0.4,False
9,shell_edge_tangential,near_pre,high_to_low,20,0.12972232359598238,0.029794770141651404,0.09992755345433096,0.55,False
9,shell_edge_tangential,near_post,low_to_high,17,0.14366001004262696,0.02846297855968608,0.11519703148294089,0.5,False
9,shell_edge_tangential,near_post,high_to_low,20,-0.11894925148207967,0.004064037424561889,-0.12301328890664157,0.5,False
10,all_tangential,near_pre,low_to_high,18,-0.25790804173102744,-0.06307218911102397,-0.19483585262000347,0.375,False
10,all_tangential,near_pre,high_to_low,18,0.11503716217545273,3.9264862873078336e-05,0.11499789731257966,0.625,False
10,all_tangential,near_post,low_to_high,18,0.42478141670452807,0.07170197426743963,0.35307944243708844,0.05,True
10,all_tangential,near_post,high_to_low,18,-0.1924900697524204,0.00801506448444712,-0.2005051342368675,0.225,True
10,shell_edge_minus_core,near_pre,low_to_high,18,-0.032913115839077633,-0.03705494579482172,0.004141829955744088,0.95,False
10,shell_edge_minus_core,near_pre,high_to_low,18,-0.14670702337046043,0.020279007397537394,-0.16698603076799784,0.35,False
10,shell_edge_minus_core,near_post,low_to_high,18,-0.04361911227545822,-0.00488789642727137,-0.038731215848186853,0.725,False
10,shell_edge_minus_core,near_post,high_to_low,18,0.1140445898612075,0.0027031930276787478,0.11134139683352876,0.275,False
10,shell_core_tangential,near_pre,low_to_high,18,-0.20632783016802245,-0.044989492261600456,-0.161338337906422,0.25,True
10,shell_core_tangential,near_pre,high_to_low,18,0.2709976599225201,-0.011770758101047343,0.28276841802356745,0.075,True
10,shell_core_tangential,near_post,low_to_high,18,0.3120472819885129,0.037912599929304736,0.27413468205920816,0.1,True
10,shell_core_tangential,near_post,high_to_low,18,-0.09503137437335785,-0.0043868854104782105,-0.09064448896287963,0.725,False
10,shell_middle_tangential,near_pre,low_to_high,18,-0.032524647199820234,-0.025084180259853685,-0.007440466939966549,0.95,False
10,shell_middle_tangential,near_pre,high_to_low,18,0.35164056743614835,-0.06220000073077154,0.4138405681669199,0.025,True
10,shell_middle_tangential,near_post,low_to_high,18,0.39940197421613927,0.05917532688617198,0.34022664732996727,0.0,True
10,shell_middle_tangential,near_post,high_to_low,18,-0.06303256705443902,0.012898291064753037,-0.07593085811919206,0.5,False
10,shell_edge_tangential,near_pre,low_to_high,18,-0.08605828912287969,-0.012149998480277379,-0.0739082906426023,0.65,False
10,shell_edge_tangential,near_pre,high_to_low,18,-0.324948769909011,-0.021959041509291136,-0.3029897283997199,0.1,True
10,shell_edge_tangential,near_post,low_to_high,18,0.3895368030364019,0.0265883627062102,0.36294844033019175,0.05,True
10,shell_edge_tangential,near_post,high_to_low,18,0.09235672251938201,0.034794248035786526,0.057562474483595485,0.8,False
11,all_tangential,near_pre,low_to_high,55,-0.3952762956139424,-0.014091959174203913,-0.3811843364397385,0.0,True
11,all_tangential,near_pre,high_to_low,64,0.23459703774190366,-0.04924590803465796,0.2838429457765616,0.025,True
11,all_tangential,near_post,low_to_high,55,0.15819702192980317,-0.007180310572261586,0.16537733250206477,0.1,True
11,all_tangential,near_post,high_to_low,64,-0.25903641030947894,-0.02179495096123897,-0.23724145934823998,0.025,True
11,shell_edge_minus_core,near_pre,low_to_high,55,0.0139343416996755,0.040670550370157446,-0.026736208670481945,0.875,False
11,shell_edge_minus_core,near_pre,high_to_low,64,-0.048683435807173325,-0.022666751272294672,-0.026016684534878654,0.725,False
11,shell_edge_minus_core,near_post,low_to_high,55,-0.21165125693359374,0.016456081198428174,-0.22810733813202191,0.0,True
11,shell_edge_minus_core,near_post,high_to_low,64,0.020021870623320392,-0.012297789552414671,0.032319660175735065,0.675,False
11,shell_core_tangential,near_pre,low_to_high,55,-0.1681657057320144,0.005917792219438875,-0.17408349795145328,0.15,True
11,shell_core_tangential,near_pre,high_to_low,64,0.10359342969604782,0.023261695831279173,0.08033173386476865,0.6,False
11,shell_core_tangential,near_post,low_to_high,55,0.263403650200442,-0.015732098585809345,0.27913574878625136,0.0,True
11,shell_core_tangential,near_post,high_to_low,64,-0.19433142696572167,-0.0382173757020254,-0.15611405126369626,0.325,False
11,shell_middle_tangential,near_pre,low_to_high,55,-0.26088287988343983,-0.024091846235758996,-0.23679103364768084,0.075,True
11,shell_middle_tangential,near_pre,high_to_low,64,0.21637047489888706,-0.027936949739354663,0.24430742463824173,0.025,True
11,shell_middle_tangential,near_post,low_to_high,55,0.1361643332661992,-0.003463401540071326,0.13962773480627053,0.15,True
11,shell_middle_tangential,near_post,high_to_low,64,-0.25400086988829795,-0.005696994427468602,-0.24830387546082935,0.025,True
11,shell_edge_tangential,near_pre,low_to_high,55,-0.429136701114386,0.03670093302930535,-0.46583763414369134,0.0,True
11,shell_edge_tangential,near_pre,high_to_low,64,0.17387451940586934,-0.047829372695620036,0.22170389210148939,0.05,True
11,shell_edge_tangential,near_post,low_to_high,55,0.09296215646723753,-0.012536706121842867,0.1054988625890804,0.45,False
11,shell_edge_tangential,near_post,high_to_low,64,-0.20981914879037775,0.014050773366598903,-0.22386992215697665,0.05,True
12,all_tangential,near_pre,low_to_high,44,-0.5445320137191656,-0.01709905755238178,-0.5274329561667839,0.0,True
12,all_tangential,near_pre,high_to_low,47,0.04222792113594416,0.01213986417150302,0.03008805696444114,0.825,False
12,all_tangential,near_post,low_to_high,44,0.07578088011575933,-0.016907765669310508,0.09268864578506983,0.475,False
12,all_tangential,near_post,high_to_low,47,-0.17481039272946933,-0.012929805383853119,-0.16188058734561622,0.25,True
12,shell_edge_minus_core,near_pre,low_to_high,44,-0.09411935133852181,-0.04187227301546055,-0.05224707832306126,0.625,False
12,shell_edge_minus_core,near_pre,high_to_low,47,-0.0637130489733349,0.03082672965419901,-0.0945397786275339,0.375,False
12,shell_edge_minus_core,near_post,low_to_high,44,0.12101662463890954,-0.0010693918784388285,0.12208601651734836,0.175,True
12,shell_edge_minus_core,near_post,high_to_low,47,0.0371304281712447,-0.028967791823918787,0.06609821999516349,0.625,False
12,shell_core_tangential,near_pre,low_to_high,44,-0.2924146543424084,0.011983566382032788,-0.30439822072444117,0.025,True
12,shell_core_tangential,near_pre,high_to_low,47,0.041772085390649194,-0.011910992497350763,0.05368307788799996,0.625,False
12,shell_core_tangential,near_post,low_to_high,44,-0.15746170079442992,0.012892524168533055,-0.17035422496296299,0.175,True
12,shell_core_tangential,near_post,high_to_low,47,-0.2411951875690638,0.009740992532122815,-0.2509361801011866,0.05,True
12,shell_middle_tangential,near_pre,low_to_high,44,-0.36020525175160256,0.0003341073347122511,-0.3605393590863148,0.0,True
12,shell_middle_tangential,near_pre,high_to_low,47,0.023878089904256772,0.025339197237681056,-0.0014611073334242844,1.0,False
12,shell_middle_tangential,near_post,low_to_high,44,0.06204907777523813,0.03318813920290338,0.02886093857233475,0.925,False
12,shell_middle_tangential,near_post,high_to_low,47,-0.1288045205887617,0.0319214464603261,-0.16072596704908781,0.175,True
12,shell_edge_tangential,near_pre,low_to_high,44,-0.48311115155126516,-0.027803064956376515,-0.45530808659488864,0.0,True
12,shell_edge_tangential,near_pre,high_to_low,47,-0.02717901414349666,0.0037633753559224714,-0.030942389499419132,0.8,False
12,shell_edge_tangential,near_post,low_to_high,44,0.2337265054877953,-0.01965836232197975,0.25338486780977504,0.075,True
12,shell_edge_tangential,near_post,high_to_low,47,-0.132284345371161,0.015526024576444883,-0.14781036994760588,0.3,False
13,all_tangential,near_pre,low_to_high,52,-0.24300364742375513,0.021829142483286136,-0.2648327899070413,0.1,True
13,all_tangential,near_pre,high_to_low,50,0.013745854977951846,0.02654154324038205,-0.012795688262430202,0.925,False
13,all_tangential,near_post,low_to_high,52,0.2834113909209778,0.014936073739489228,0.26847531718148854,0.1,True
13,all_tangential,near_post,high_to_low,50,-0.15021310562887039,0.016813679505222348,-0.16702678513409275,0.175,True
13,shell_edge_minus_core,near_pre,low_to_high,52,-0.09891093569060057,-0.06717045996933335,-0.03174047572126722,0.8,False
13,shell_edge_minus_core,near_pre,high_to_low,50,0.24191613311022167,-0.026567317888849997,0.26848345099907167,0.025,True
13,shell_edge_minus_core,near_post,low_to_high,52,-0.03619562506500534,0.0004203156757248208,-0.03661594074073016,0.65,False
13,shell_edge_minus_core,near_post,high_to_low,50,-0.084117582710663,-0.017123363820376054,-0.06699421889028695,0.575,False
13,shell_core_tangential,near_pre,low_to_high,52,-0.1980877999443631,0.01256387725627187,-0.21065167720063496,0.125,True
13,shell_core_tangential,near_pre,high_to_low,50,-0.2214626455042094,0.031146594037014124,-0.25260923954122355,0.125,True
13,shell_core_tangential,near_post,low_to_high,52,0.19424331875736583,-0.028963615407171163,0.223206934164537,0.1,True
13,shell_core_tangential,near_post,high_to_low,50,0.007216425640298884,-0.012721400030561037,0.019937825670859922,0.925,False
13,shell_middle_tangential,near_pre,low_to_high,52,-0.08212274319675068,0.0748507229403067,-0.15697346613705737,0.25,True
13,shell_middle_tangential,near_pre,high_to_low,50,0.1616640517307865,0.013478575981595343,0.14818547574919114,0.25,True
13,shell_middle_tangential,near_post,low_to_high,52,0.08855554194989128,0.021491918181993308,0.06706362376789797,0.475,False
13,shell_middle_tangential,near_post,high_to_low,50,-0.13661115249356603,0.04188914144407843,-0.17850029393764447,0.15,True
13,shell_edge_tangential,near_pre,low_to_high,52,-0.23946170963738067,0.021391121941884087,-0.26085283157926475,0.1,True
13,shell_edge_tangential,near_pre,high_to_low,50,0.183237845047791,0.0374439417888677,0.1457939032589233,0.275,False
13,shell_edge_tangential,near_post,low_to_high,52,0.20846916975043084,-0.010073397437438705,0.21854256718786955,0.05,True
13,shell_edge_tangential,near_post,high_to_low,50,-0.14984659863707256,0.015459053473913778,-0.16530565211098633,0.125,True
14,all_tangential,near_pre,low_to_high,22,-0.22809670360327533,0.04683406213713697,-0.2749307657404123,0.125,True
14,all_tangential,near_pre,high_to_low,25,0.3046209688342325,-0.029025041674995176,0.3336460105092277,0.075,True
14,all_tangential,near_post,low_to_high,22,0.16148162134493788,0.04122141084396426,0.12026021050097362,0.575,False
14,all_tangential,near_post,high_to_low,25,0.01045183964481991,0.035732678269666855,-0.025280838624846945,0.75,False
14,shell_edge_minus_core,near_pre,low_to_high,22,0.12529122692618577,-0.026347495804619557,0.15163872273080534,0.375,False
14,shell_edge_minus_core,near_pre,high_to_low,25,-0.03049035728142746,-0.019304488932917273,-0.011185868348510188,0.9,False
14,shell_edge_minus_core,near_post,low_to_high,22,-0.13065963193561675,0.0012268521482806383,-0.1318864840838974,0.3,False
14,shell_edge_minus_core,near_post,high_to_low,25,-0.03135300109531736,-0.013250280951605645,-0.018102720143711712,0.875,False
14,shell_core_tangential,near_pre,low_to_high,22,-0.12425064446043102,-0.021451885751738994,-0.10279875870869203,0.575,False
14,shell_core_tangential,near_pre,high_to_low,25,-0.016367312368804232,0.018704089966894655,-0.03507140233569889,0.875,False
14,shell_core_tangential,near_post,low_to_high,22,0.23971748269868567,0.01904818874140562,0.22066929395728005,0.175,True
14,shell_core_tangential,near_post,high_to_low,25,0.07377260290351853,0.02234161415295629,0.05143098875056224,0.8,False
14,shell_middle_tangential,near_pre,low_to_high,22,-0.13368510734557476,0.03373403352899023,-0.167419140874565,0.375,False
14,shell_middle_tangential,near_pre,high_to_low,25,0.4352052699339791,0.011828451360183134,0.423376818573796,0.0,True
14,shell_middle_tangential,near_post,low_to_high,22,0.39489819305118035,0.06710108952676888,0.3277971035244115,0.05,True
14,shell_middle_tangential,near_post,high_to_low,25,-0.11695924010186973,0.010823276385832414,-0.12778251648770214,0.35,False
14,shell_edge_tangential,near_pre,low_to_high,22,-0.03225395934985108,-0.020169035015565443,-0.012084924334285634,0.95,False
14,shell_edge_tangential,near_pre,high_to_low,25,0.43701609965468663,-0.007601612719524545,0.44461771237421116,0.0,True
14,shell_edge_tangential,near_post,low_to_high,22,0.08245076847335918,0.04409901816277451,0.038351750310584666,0.825,False
14,shell_edge_tangential,near_post,high_to_low,25,-0.058905570530104506,0.022305547876448298,-0.0812111184065528,0.45,False
15,all_tangential,near_pre,low_to_high,46,-0.4243919102772994,0.023375510433851665,-0.44776742071115105,0.0,True
15,all_tangential,near_pre,high_to_low,50,0.3080210781150429,0.05100518386036505,0.25701589425467786,0.1,True
15,all_tangential,near_post,low_to_high,46,0.2537986101049316,0.005559379254727654,0.24823923085020394,0.15,True
15,all_tangential,near_post,high_to_low,50,-0.11700267852786977,-0.024600617758239025,-0.09240206076963076,0.425,False
15,shell_edge_minus_core,near_pre,low_to_high,46,0.3236858058893728,0.009773558880212668,0.3139122470091601,0.05,True
15,shell_edge_minus_core,near_pre,high_to_low,50,-0.10044142629521025,0.03894704816443986,-0.1393884744596501,0.35,False
15,shell_edge_minus_core,near_post,low_to_high,46,-0.08030930370390693,0.027419170059012503,-0.10772847376291944,0.45,False
15,shell_edge_minus_core,near_post,high_to_low,50,0.014921615526353897,-0.05434098959807556,0.06926260512442946,0.625,False
15,shell_core_tangential,near_pre,low_to_high,46,-0.504185892887514,0.04255004463690838,-0.5467359375244224,0.0,True
15,shell_core_tangential,near_pre,high_to_low,50,0.2882494414509781,0.006938435944447816,0.28131100550653027,0.025,True
15,shell_core_tangential,near_post,low_to_high,46,0.33651155884314976,0.03811263323898002,0.29839892560416975,0.025,True
15,shell_core_tangential,near_post,high_to_low,50,-0.1419451422474224,0.029944836525459734,-0.17188997877288215,0.175,True
15,shell_middle_tangential,near_pre,low_to_high,46,-0.3260686401567333,-0.033644226200326026,-0.2924244139564073,0.05,True
15,shell_middle_tangential,near_pre,high_to_low,50,-0.02033016106804745,0.05841369998234098,-0.07874386105038843,0.675,False
15,shell_middle_tangential,near_post,low_to_high,46,0.37055859429974125,-0.006090278750302581,0.37664887305004385,0.0,True
15,shell_middle_tangential,near_post,high_to_low,50,-0.24890358003682522,-4.030527788597381e-05,-0.24886327475893924,0.125,True
15,shell_edge_tangential,near_pre,low_to_high,46,-0.2299101700360559,-0.008599752499737004,-0.22131041753631892,0.15,True
15,shell_edge_tangential,near_pre,high_to_low,50,0.21196607966495862,0.04181182536970671,0.1701542542952519,0.25,True
15,shell_edge_tangential,near_post,low_to_high,46,0.2017317069395934,-0.010604384656387236,0.21233609159598066,0.15,True
15,shell_edge_tangential,near_post,high_to_low,50,-0.12289151369413076,-0.044184202910309056,-0.0787073107838217,0.375,False
16,all_tangential,near_pre,low_to_high,43,-0.1910150717527844,0.029986743197562598,-0.221001814950347,0.025,True
16,all_tangential,near_pre,high_to_low,41,0.1658787589304226,0.0063071467215681624,0.15957161220885444,0.3,False
16,all_tangential,near_post,low_to_high,43,0.11483016924367744,0.01768653036794926,0.09714363887572817,0.575,False
16,all_tangential,near_post,high_to_low,41,-0.25279491786045793,-0.007527710085013781,-0.24526720777544414,0.05,True
16,shell_edge_minus_core,near_pre,low_to_high,43,0.24983400621118823,-0.0057511193920546915,0.2555851256032429,0.125,True
16,shell_edge_minus_core,near_pre,high_to_low,41,0.07662521648796738,-0.01645353340313043,0.09307874989109782,0.45,False
16,shell_edge_minus_core,near_post,low_to_high,43,0.12425704681464445,-0.011292084576786189,0.13554913139143063,0.15,True
16,shell_edge_minus_core,near_post,high_to_low,41,-0.13918096781693606,-0.018906174241333437,-0.12027479357560263,0.325,False
16,shell_core_tangential,near_pre,low_to_high,43,-0.19867494811607178,0.04202942018952596,-0.24070436830559774,0.05,True
16,shell_core_tangential,near_pre,high_to_low,41,-0.0257900246671007,0.009420528992459973,-0.035210553659560676,0.825,False
16,shell_core_tangential,near_post,low_to_high,43,0.034321385656550484,0.02613259525303819,0.008188790403512294,0.95,False
16,shell_core_tangential,near_post,high_to_low,41,0.005465821680228029,0.0581120092311251,-0.05264618755089707,0.65,False
16,shell_middle_tangential,near_pre,low_to_high,43,-0.1562709565279563,-0.03407096622478203,-0.12219999030317427,0.375,False
16,shell_middle_tangential,near_pre,high_to_low,41,0.1867948574291713,-0.027376911951423666,0.21417176938059496,0.1,True
16,shell_middle_tangential,near_post,low_to_high,43,0.1996355876038836,0.0270237727399866,0.172611814863897,0.175,True
16,shell_middle_tangential,near_post,high_to_low,41,-0.07654215503895415,-0.0218606623576868,-0.054681492681267346,0.575,False
16,shell_edge_tangential,near_pre,low_to_high,43,-0.1851104882735638,0.05611472289299174,-0.24122521116655554,0.025,True
16,shell_edge_tangential,near_pre,high_to_low,41,0.2689286065795081,0.03991959251283014,0.22900901406667798,0.15,True
16,shell_edge_tangential,near_post,low_to_high,43,0.22177442083134513,0.06899080750394714,0.15278361332739798,0.225,True
16,shell_edge_tangential,near_post,high_to_low,41,-0.2606986527100774,-0.004548077758162895,-0.2561505749519145,0.025,True
17,all_tangential,near_pre,low_to_high,61,-0.09829491451960924,-0.02267422039202794,-0.0756206941275813,0.55,False
17,all_tangential,near_pre,high_to_low,61,0.1251911808599018,-0.017743222027351416,0.14293440288725323,0.275,False
17,all_tangential,near_post,low_to_high,61,0.3287953867453476,-0.012971226591930153,0.34176661333727776,0.0,True
17,all_tangential,near_post,high_to_low,61,-0.0931160355730199,-0.03671426504466386,-0.056401770528356036,0.65,False
17,shell_edge_minus_core,near_pre,low_to_high,61,-0.1043035393471019,0.04801595459152759,-0.15231949393862948,0.175,True
17,shell_edge_minus_core,near_pre,high_to_low,61,0.1423348210671192,0.04633503799013336,0.09599978307698584,0.275,False
17,shell_edge_minus_core,near_post,low_to_high,61,-0.3112940532964654,0.03199415297030247,-0.34328820626676787,0.0,True
17,shell_edge_minus_core,near_post,high_to_low,61,-0.08270365853726874,-0.01633957815044445,-0.06636408038682429,0.6,False
17,shell_core_tangential,near_pre,low_to_high,61,-0.1270317712644109,-0.05198641876892013,-0.07504535249549077,0.5,False
17,shell_core_tangential,near_pre,high_to_low,61,0.06927259186812286,0.031938281046284614,0.037334310821838246,0.775,False
17,shell_core_tangential,near_post,low_to_high,61,0.3940243140212273,0.0236808118318219,0.37034350218940537,0.0,True
17,shell_core_tangential,near_post,high_to_low,61,-0.041989616276818104,0.044998323742698465,-0.08698794001951657,0.6,False
17,shell_middle_tangential,near_pre,low_to_high,61,0.013400198037113856,-0.053989998616123996,0.06739019665323785,0.7,False
17,shell_middle_tangential,near_pre,high_to_low,61,0.0415224993706887,-0.025851533297571345,0.06737403266826004,0.65,False
17,shell_middle_tangential,near_post,low_to_high,61,0.24180762170851347,-0.007818906568434234,0.2496265282769477,0.05,True
17,shell_middle_tangential,near_post,high_to_low,61,-0.11086323197101569,-0.006415783098767162,-0.10444744887224852,0.4,False
17,shell_edge_tangential,near_pre,low_to_high,61,-0.13043673937999203,0.018168497414823556,-0.14860523679481558,0.225,True
17,shell_edge_tangential,near_pre,high_to_low,61,0.29763829276526516,0.020608073147048222,0.27703021961821694,0.025,True
17,shell_edge_tangential,near_post,low_to_high,61,0.0760762388546544,0.03895313783277338,0.037123101021881016,0.8,False
17,shell_edge_tangential,near_post,high_to_low,61,-0.11324458187319361,-0.03130878210600522,-0.0819357997671884,0.475,False
18,all_tangential,near_pre,low_to_high,49,-0.07599674847282184,0.0316816148058287,-0.10767836327865055,0.425,False
18,all_tangential,near_pre,high_to_low,54,0.14068138976116706,0.026440021757955297,0.11424136800321177,0.4,False
18,all_tangential,near_post,low_to_high,49,0.069993287384946,0.016774837092199436,0.05321845029274657,0.8,False
18,all_tangential,near_post,high_to_low,54,-0.1858002589532748,0.03309626479893073,-0.21889652375220553,0.175,True
18,shell_edge_minus_core,near_pre,low_to_high,49,-0.008087611860283145,-0.007911734459723398,-0.00017587740055974646,1.0,False
18,shell_edge_minus_core,near_pre,high_to_low,54,-0.2316971116870156,-0.019542677173483805,-0.21215443451353178,0.05,True
18,shell_edge_minus_core,near_post,low_to_high,49,0.009164756006501101,-0.02055357347267517,0.02971832947917627,0.775,False
18,shell_edge_minus_core,near_post,high_to_low,54,0.17546800077470381,0.013649595697756315,0.1618184050769475,0.075,True
18,shell_core_tangential,near_pre,low_to_high,49,0.03346443458364623,-0.0027030186810853493,0.03616745326473158,0.725,False
18,shell_core_tangential,near_pre,high_to_low,54,0.2778176329444637,0.04633475036616001,0.23148288257830368,0.075,True
18,shell_core_tangential,near_post,low_to_high,49,0.16763080021201626,0.017997160634789722,0.14963363957722653,0.225,True
18,shell_core_tangential,near_post,high_to_low,54,-0.23678407188866005,0.023801472522734193,-0.26058554441139425,0.0,True
18,shell_middle_tangential,near_pre,low_to_high,49,-0.15904012175107046,0.03591246565353357,-0.19495258740460403,0.2,True
18,shell_middle_tangential,near_pre,high_to_low,54,0.044034641525766735,-0.006412812170916042,0.05044745369668278,0.7,False
18,shell_middle_tangential,near_post,low_to_high,49,0.19193843725919685,-0.01933603823242824,0.2112744754916251,0.075,True
18,shell_middle_tangential,near_post,high_to_low,54,-0.1714182550191925,0.033154598272082315,-0.2045728532912748,0.05,True
18,shell_edge_tangential,near_pre,low_to_high,49,-0.10109927197548016,-0.016594093181985084,-0.08450517879349508,0.475,False
18,shell_edge_tangential,near_pre,high_to_low,54,0.11047529284398612,-0.03392120025141204,0.14439649309539815,0.225,True
18,shell_edge_tangential,near_post,low_to_high,49,0.04816789526022355,-0.07554936273762285,0.1237172579978464,0.3,False
18,shell_edge_tangential,near_post,high_to_low,54,-0.1665561731149686,-0.007370493878365348,-0.15918567923660323,0.15,True
19,all_tangential,near_pre,low_to_high,72,-0.32228410685075704,0.04408602530159347,-0.3663701321523505,0.0,True
19,all_tangential,near_pre,high_to_low,71,0.1677578712166864,0.03127167939742451,0.1364861918192619,0.175,True
19,all_tangential,near_post,low_to_high,72,0.13621464026227462,0.022665966754569347,0.11354867350770527,0.125,False
19,all_tangential,near_post,high_to_low,71,0.005237132215288008,-0.015440490005029485,0.020677622220317493,0.875,False
19,shell_edge_minus_core,near_pre,low_to_high,72,-0.03673490145771177,-0.0053054631223268724,-0.0314294383353849,0.8,False
19,shell_edge_minus_core,near_pre,high_to_low,71,-0.1054730172158442,-0.020693622691832086,-0.08477939452401212,0.35,False
19,shell_edge_minus_core,near_post,low_to_high,72,-0.09739951619992546,0.01722830247212072,-0.11462781867204618,0.3,False
19,shell_edge_minus_core,near_post,high_to_low,71,0.14253697250841285,-0.006892637714644101,0.14942961022305695,0.075,True
19,shell_core_tangential,near_pre,low_to_high,72,-0.1601473817378315,0.0550160180604218,-0.2151633997982533,0.05,True
19,shell_core_tangential,near_pre,high_to_low,71,0.1887343327155184,0.04277692792729944,0.14595740478821895,0.175,True
19,shell_core_tangential,near_post,low_to_high,72,0.21077467203405406,0.021594699631756947,0.18917997240229711,0.05,True
19,shell_core_tangential,near_post,high_to_low,71,-0.17663804814347692,0.0034888364833346244,-0.18012688462681153,0.05,True
19,shell_middle_tangential,near_pre,low_to_high,72,-0.17052891928785696,0.013544796107466527,-0.1840737153953235,0.075,True
19,shell_middle_tangential,near_pre,high_to_low,71,0.02519533047590972,-0.00831135062081051,0.033506681096720226,0.625,False
19,shell_middle_tangential,near_post,low_to_high,72,0.15535843511750325,0.044678505303210436,0.11067992981429281,0.25,False
19,shell_middle_tangential,near_post,high_to_low,71,-0.21938920423478764,0.003556234202471663,-0.2229454384372593,0.0,True
19,shell_edge_tangential,near_pre,low_to_high,72,-0.15376621964336834,-0.001354670900560245,-0.1524115487428081,0.1,True
19,shell_edge_tangential,near_pre,high_to_low,71,0.409868113647739,-0.03421668313496219,0.4440847967827012,0.0,True
19,shell_edge_tangential,near_post,low_to_high,72,-0.014138776070603064,-0.018102000504069665,0.003963224433466601,0.95,False
19,shell_edge_tangential,near_post,high_to_low,71,-0.06389934841758269,0.01374338279279853,-0.07764273121038122,0.35,False
